timestamp,open,high,low,close,vwap,volume,count
2026-01-08 08:03:00,3122.6,3123.33,3122.6,3123.33,3123.05,0.19946054,7
2026-01-08 08:04:00,3123.33,3125.67,3123.33,3125.67,3124.4,0.20848063,7
2026-01-08 08:05:00,3125.67,3129.57,3125.67,3127.86,3127.91,2.36085552,25
2026-01-08 08:06:00,3127.93,3127.93,3124.22,3124.22,3125.79,0.43088205,4
2026-01-08 08:07:00,3124.55,3125.28,3123.97,3123.99,3124.29,0.05692876,5
2026-01-08 08:08:00,3125.12,3125.12,3124.79,3124.79,3124.83,8.07967687,7
2026-01-08 08:09:00,3124.78,3124.78,3124.1,3124.1,3124.37,0.05846993,6
2026-01-08 08:10:00,3125.31,3125.31,3123.35,3123.36,3125.24,2.05515089,17
2026-01-08 08:11:00,3123.36,3125.81,3123.36,3125.76,3125.76,4.02786407,3
2026-01-08 08:12:00,3125.84,3128.38,3125.84,3127.9,3128.17,20.66901808,15
2026-01-08 08:13:00,3128.06,3128.36,3127.28,3127.83,3128.09,1.667184,13
2026-01-08 08:14:00,3128.43,3128.43,3128.28,3128.29,3128.3,0.01029339,3
2026-01-08 08:15:00,3128.22,3128.32,3127.21,3128.32,3127.39,8.12230697,9
2026-01-08 08:16:00,3127.21,3127.21,3126.99,3127.03,3127.07,0.75703315,8
2026-01-08 08:17:00,3126.71,3129.04,3126.71,3129.04,3128.89,1.66282434,12
2026-01-08 08:18:00,3129.34,3130.58,3129.34,3130.39,3129.53,0.40833446,11
2026-01-08 08:19:00,3129.14,3129.14,3127.52,3127.68,3127.88,0.58384737,6
2026-01-08 08:20:00,3128.37,3128.37,3127.21,3128.36,3127.66,0.15186776,7
2026-01-08 08:21:00,3127.1,3127.6,3126.57,3126.83,3127.53,2.26692546,12
2026-01-08 08:22:00,3126.7,3126.7,3125.7,3126.11,3126.27,12.56811931,29
2026-01-08 08:23:00,3125.93,3126.18,3125.2,3126.07,3125.68,0.03799447,9
2026-01-08 08:24:00,3125.76,3129.07,3125.72,3129.06,3126.55,31.21362711,28
2026-01-08 08:25:00,3129.07,3129.07,3129.06,3129.06,3129.06,0.02429756,2
2026-01-08 08:26:00,3129.07,3129.07,3128.79,3128.79,3128.95,3.69451306,11
2026-01-08 08:27:00,3129.07,3129.07,3129.07,3129.07,3129.07,0.06136024,2
2026-01-08 08:28:00,3129.07,3130.23,3129.07,3130.19,3129.3,1.28884084,6
2026-01-08 08:29:00,3130.78,3130.78,3129.22,3129.23,3130.72,1.08257118,4
2026-01-08 08:30:00,3129.55,3132.33,3129.55,3130.59,3131.88,14.01195289,21
2026-01-08 08:31:00,3129.03,3129.03,3126.74,3126.74,3127.46,1.2375284,10
2026-01-08 08:32:00,3125.98,3125.98,3124.68,3124.68,3124.96,2.07112324,12
2026-01-08 08:33:00,3124.69,3124.69,3121.52,3121.52,3123.14,0.69432464,11
2026-01-08 08:34:00,3122.38,3122.66,3122.23,3122.65,3122.55,0.1684064,6
2026-01-08 08:35:00,3123.56,3123.56,3123.25,3123.26,3123.35,0.19921332,5
2026-01-08 08:36:00,3123.53,3123.77,3122.95,3122.95,3122.95,1.73429444,6
2026-01-08 08:37:00,3123.03,3123.03,3120.94,3121.47,3121.27,2.21016364,16
2026-01-08 08:38:00,3121.22,3122.59,3120.81,3120.81,3121.61,0.22224588,5
2026-01-08 08:39:00,3120.81,3121.37,3120.61,3120.61,3121.24,0.01181714,4
2026-01-08 08:40:00,3120.93,3122.04,3120.93,3121.05,3121.21,0.35919774,10
2026-01-08 08:41:00,3121.06,3121.06,3120.27,3120.28,3120.62,0.06387958,5
2026-01-08 08:42:00,3120.8,3121.77,3120.8,3121.77,3121.32,12.07567214,14
2026-01-08 08:43:00,3121.89,3122.03,3121.89,3121.89,3121.98,8.55167425,8
2026-01-08 08:44:00,3121.88,3121.89,3121.88,3121.88,3121.88,1.72203757,7
2026-01-08 08:45:00,3121.52,3121.53,3120.65,3121.53,3121.42,0.03576368,8
2026-01-08 08:46:00,3121.52,3121.53,3120.87,3120.87,3121.47,0.98505632,7
2026-01-08 08:47:00,3120.33,3120.33,3117.57,3118.46,3118.96,2.16715679,19
2026-01-08 08:48:00,3117.9,3119.32,3117.45,3117.45,3118.48,1.04317634,12
2026-01-08 08:49:00,3117.46,3117.53,3116.39,3116.6,3116.83,2.50041727,17
2026-01-08 08:50:00,3117.09,3117.34,3116.29,3116.6,3116.93,3.79430306,10
2026-01-08 08:51:00,3116.74,3116.74,3115.39,3115.39,3115.58,2.62066284,13
2026-01-08 08:52:00,3115.29,3115.29,3112.02,3113.58,3113.45,1.39283599,15
2026-01-08 08:53:00,3112.99,3112.99,3110.46,3110.92,3111.85,1.59689508,16
2026-01-08 08:54:00,3111.84,3112.73,3111.84,3112.73,3112.14,0.04469413,2
2026-01-08 08:55:00,3111.82,3113.77,3111.82,3113.77,3112.87,5.55685202,17
2026-01-08 08:56:00,3113.46,3113.46,3110.42,3112.63,3111.84,0.74684565,6
2026-01-08 08:57:00,3111.65,3111.65,3111.63,3111.63,3111.64,0.71446822,4
2026-01-08 08:58:00,3111.29,3111.29,3111.17,3111.17,3111.27,1.40617598,3
2026-01-08 08:59:00,3111.49,3111.5,3111.49,3111.5,3111.49,9.20955994,8
2026-01-08 09:00:00,3113.44,3113.44,3112.21,3112.21,3112.66,0.12815791,6
2026-01-08 09:01:00,3112.04,3112.04,3110.01,3110.01,3111.06,2.25877896,12
2026-01-08 09:02:00,3110.0,3110.0,3109.39,3109.39,3109.59,0.18792517,7
2026-01-08 09:03:00,3109.35,3109.35,3107.79,3107.96,3108.93,49.26777879,30
2026-01-08 09:04:00,3110.54,3113.63,3108.79,3113.63,3109.27,15.77340278,22
2026-01-08 09:05:00,3113.73,3115.73,3113.73,3114.94,3114.73,1.67728464,12
2026-01-08 09:06:00,3114.93,3116.0,3114.55,3116.0,3115.12,1.10855195,6
2026-01-08 09:07:00,3116.4,3117.31,3115.75,3117.3,3116.54,0.72300408,9
2026-01-08 09:08:00,3117.31,3117.86,3117.29,3117.29,3117.7,1.33419043,8
2026-01-08 09:09:00,3117.89,3119.03,3117.89,3119.03,3118.7,1.53431964,12
2026-01-08 09:10:00,3118.94,3118.94,3118.9,3118.9,3118.93,0.15137705,4
2026-01-08 09:11:00,3118.53,3118.58,3117.56,3117.56,3118.24,0.73153267,7
2026-01-08 09:12:00,3117.56,3117.57,3117.56,3117.57,3117.56,0.10744823,2
2026-01-08 09:13:00,3117.56,3117.56,3117.04,3117.33,3117.31,1.95740115,10
2026-01-08 09:14:00,3117.32,3117.39,3116.67,3116.67,3117.35,6.63408315,38
2026-01-08 09:15:00,3116.96,3116.96,3114.91,3114.91,3116.31,12.01131726,16
2026-01-08 09:16:00,3114.92,3116.63,3114.92,3116.1,3116.03,2.67441279,5
2026-01-08 09:17:00,3115.27,3115.89,3115.03,3115.88,3115.76,1.0445716,5
2026-01-08 09:18:00,3115.71,3115.71,3112.09,3112.09,3115.1,0.19589666,4
2026-01-08 09:19:00,3113.41,3113.5,3111.3,3111.3,3113.29,0.18434677,5
2026-01-08 09:20:00,3111.2,3111.2,3108.78,3108.79,3110.42,3.31792429,22
2026-01-08 09:21:00,3109.76,3109.76,3109.55,3109.55,3109.67,0.051995,2
2026-01-08 09:22:00,3109.14,3109.14,3107.69,3107.71,3108.72,2.47182883,14
2026-01-08 09:23:00,3106.6,3106.6,3104.81,3104.81,3105.66,4.55528342,36
2026-01-08 09:24:00,3105.07,3107.98,3105.07,3107.34,3106.15,0.04831298,6
2026-01-08 09:25:00,3107.67,3109.16,3107.67,3108.03,3109.1,1.9366474,9
2026-01-08 09:26:00,3108.05,3108.33,3107.66,3107.88,3107.86,5.99879796,8
2026-01-08 09:27:00,3106.46,3107.01,3105.04,3105.04,3106.86,0.90421684,14
2026-01-08 09:28:00,3103.63,3105.11,3103.59,3105.11,3103.71,2.00582563,7
2026-01-08 09:29:00,3104.96,3105.27,3103.0,3103.0,3104.08,4.6130492,12
2026-01-08 09:30:00,3103.02,3103.87,3102.01,3102.01,3103.51,2.32393662,18
2026-01-08 09:31:00,3102.21,3105.1,3101.92,3105.1,3102.52,3.96077443,11
2026-01-08 09:32:00,3104.06,3105.24,3104.06,3105.24,3105.23,0.80308603,3
2026-01-08 09:33:00,3105.58,3108.8,3105.58,3108.21,3106.57,3.28017819,16
2026-01-08 09:34:00,3108.6,3108.66,3107.79,3108.26,3108.58,1.02408583,6
2026-01-08 09:35:00,3108.43,3109.54,3108.36,3109.54,3108.71,3.74086604,11
2026-01-08 09:36:00,3108.55,3108.58,3107.88,3107.88,3108.57,5.62733025,6
2026-01-08 09:37:00,3108.08,3108.85,3107.66,3107.81,3108.32,5.44018171,13
2026-01-08 09:38:00,3107.48,3107.48,3104.92,3105.46,3106.25,2.8899174,17
2026-01-08 09:39:00,3105.25,3106.52,3105.25,3106.52,3105.78,0.21729322,5
2026-01-08 09:40:00,3106.52,3107.3,3106.39,3107.3,3106.68,0.78628863,9
2026-01-08 09:41:00,3106.56,3106.78,3105.09,3105.09,3106.46,0.28961145,5
2026-01-08 09:42:00,3106.2,3107.21,3106.2,3107.21,3106.71,0.74277758,5
2026-01-08 09:43:00,3107.61,3108.04,3107.58,3108.02,3107.62,2.67045545,9
2026-01-08 09:44:00,3108.76,3109.01,3108.67,3109.01,3108.71,3.21624382,11
2026-01-08 09:45:00,3110.33,3111.14,3110.33,3110.95,3110.7,12.15169976,12
2026-01-08 09:46:00,3109.84,3109.86,3109.84,3109.86,3109.84,0.04268939,2
2026-01-08 09:47:00,3109.17,3109.17,3108.51,3108.6,3109.16,0.6420125,5
2026-01-08 09:48:00,3110.99,3111.53,3110.99,3111.2,3111.19,1.26874844,3
2026-01-08 09:49:00,3111.11,3111.53,3111.11,3111.52,3111.41,0.35130706,3
2026-01-08 09:50:00,3111.53,3113.46,3111.53,3112.6,3112.74,0.38448935,8
2026-01-08 09:51:00,3113.43,3113.43,3111.93,3112.31,3113.05,0.22430906,3
2026-01-08 09:52:00,3112.1,3112.1,3111.05,3111.05,3111.08,11.5012954,17
2026-01-08 09:53:00,3111.05,3111.49,3110.13,3110.13,3110.85,0.09957725,8
2026-01-08 09:54:00,3110.23,3110.42,3110.23,3110.42,3110.34,0.01025824,2
2026-01-08 09:55:00,3110.78,3111.83,3110.28,3110.29,3111.06,1.65686633,12
2026-01-08 09:56:00,3110.29,3110.77,3109.54,3110.77,3110.75,1.93526392,5
2026-01-08 09:57:00,3110.32,3110.32,3108.19,3108.19,3109.02,26.09078846,20
2026-01-08 09:58:00,3107.62,3107.62,3107.62,3107.62,3107.62,1.02915217,3
2026-01-08 09:59:00,3108.22,3108.22,3107.81,3107.81,3108.15,0.038727,3
2026-01-08 10:00:00,3108.17,3108.17,3103.52,3103.84,3105.84,6.38820158,15
2026-01-08 10:01:00,3103.84,3103.84,3099.82,3099.89,3101.04,4.39485074,42
2026-01-08 10:02:00,3099.2,3099.2,3093.73,3096.82,3096.69,11.7713333,70
2026-01-08 10:03:00,3095.84,3097.06,3094.62,3095.17,3095.61,1.78677747,8
2026-01-08 10:04:00,3098.22,3099.99,3097.77,3099.47,3099.7,15.32439401,13
2026-01-08 10:05:00,3100.0,3104.5,3100.0,3104.5,3100.3,2.80984787,10
2026-01-08 10:06:00,3103.7,3105.61,3103.7,3104.25,3105.41,0.89796714,7
2026-01-08 10:07:00,3105.62,3105.62,3105.03,3105.62,3105.59,0.03041869,5
2026-01-08 10:08:00,3106.36,3108.39,3105.36,3105.36,3106.32,2.04122668,13
2026-01-08 10:09:00,3104.23,3104.23,3102.95,3104.2,3104.21,1.64908989,6
2026-01-08 10:10:00,3104.29,3104.33,3102.93,3104.33,3104.05,0.18260281,6
2026-01-08 10:11:00,3102.73,3102.86,3102.73,3102.74,3102.78,32.00279826,9
2026-01-08 10:12:00,3103.19,3103.64,3102.77,3103.26,3103.55,1.23859318,5
2026-01-08 10:13:00,3103.47,3103.9,3102.12,3103.9,3102.97,1.04322758,6
2026-01-08 10:14:00,3103.9,3103.9,3103.9,3103.9,0.0,0.0,0
2026-01-08 10:15:00,3104.52,3105.0,3104.52,3105.0,3104.52,0.31147,2
2026-01-08 10:16:00,3104.99,3105.0,3104.85,3104.85,3104.97,2.0615852,8
2026-01-08 10:17:00,3104.96,3105.21,3104.96,3105.0,3105.0,2.11252979,6
2026-01-08 10:18:00,3105.21,3105.22,3104.35,3104.47,3105.05,2.29737212,11
2026-01-08 10:19:00,3105.22,3107.07,3105.22,3107.07,3107.05,23.22898022,10
2026-01-08 10:20:00,3106.51,3106.51,3104.99,3106.13,3105.86,2.17054913,9
2026-01-08 10:21:00,3107.07,3108.33,3107.07,3107.25,3108.14,13.18337941,11
2026-01-08 10:22:00,3105.94,3107.72,3105.94,3107.72,3107.5,0.19634776,4
2026-01-08 10:23:00,3107.44,3112.0,3107.44,3112.0,3107.83,10.30404958,12
2026-01-08 10:24:00,3112.18,3114.92,3112.18,3114.05,3114.08,2.4247001,17
2026-01-08 10:25:00,3113.42,3113.42,3112.5,3113.29,3113.02,0.06648392,6
2026-01-08 10:26:00,3113.57,3115.49,3113.57,3114.76,3114.95,3.78869296,8
2026-01-08 10:27:00,3113.37,3113.59,3113.37,3113.55,3113.4,0.23569654,4
2026-01-08 10:28:00,3113.21,3113.58,3113.21,3113.58,3113.34,0.22043395,3
2026-01-08 10:29:00,3113.59,3114.06,3113.09,3114.06,3113.89,0.51834288,5
2026-01-08 10:30:00,3113.64,3115.46,3113.64,3115.46,3115.0,0.32482951,7
2026-01-08 10:31:00,3115.45,3115.57,3115.45,3115.57,3115.47,0.70168562,11
2026-01-08 10:32:00,3116.4,3116.4,3115.15,3115.15,3116.21,2.17355445,7
2026-01-08 10:33:00,3115.04,3115.73,3115.04,3115.23,3115.21,0.04089295,3
2026-01-08 10:34:00,3115.23,3115.95,3115.22,3115.95,3115.22,5.36591605,5
2026-01-08 10:35:00,3116.99,3118.6,3116.99,3117.82,3117.56,1.68498813,11
2026-01-08 10:36:00,3117.49,3118.6,3117.49,3118.23,3118.14,1.87702146,6
2026-01-08 10:37:00,3118.02,3118.02,3116.23,3116.3,3117.07,2.5954941,14
2026-01-08 10:38:00,3114.7,3114.93,3113.5,3114.91,3114.14,2.28883948,6
2026-01-08 10:39:00,3114.31,3114.56,3114.31,3114.52,3114.54,0.03418539,3
2026-01-08 10:40:00,3114.51,3115.42,3114.51,3115.42,3115.0,0.93987085,5
2026-01-08 10:41:00,3114.89,3115.42,3114.89,3115.42,3114.99,0.01553607,3
2026-01-08 10:42:00,3115.41,3115.41,3114.74,3114.74,3114.74,0.96615763,3
2026-01-08 10:43:00,3114.35,3114.35,3114.19,3114.19,3114.33,0.12057337,4
2026-01-08 10:44:00,3114.34,3115.38,3114.19,3114.43,3114.98,1.36787493,10
2026-01-08 10:45:00,3114.66,3115.99,3114.66,3115.99,3115.97,5.07694013,13
2026-01-08 10:46:00,3116.0,3118.49,3116.0,3118.47,3116.22,8.17253444,17
2026-01-08 10:47:00,3117.91,3118.13,3116.88,3116.88,3117.89,6.52068179,14
2026-01-08 10:48:00,3117.19,3117.19,3116.8,3116.91,3116.9,0.06003306,6
2026-01-08 10:49:00,3117.03,3117.5,3117.03,3117.5,3117.33,1.54390583,10
2026-01-08 10:50:00,3117.49,3119.0,3117.45,3118.31,3118.74,5.17408421,15
2026-01-08 10:51:00,3118.38,3118.77,3118.22,3118.77,3118.47,0.98527379,8
2026-01-08 10:52:00,3118.77,3120.49,3118.77,3120.49,3118.87,1.10866633,12
2026-01-08 10:53:00,3120.43,3121.11,3120.34,3120.93,3121.07,8.00526429,12
2026-01-08 10:54:00,3120.29,3122.5,3120.2,3122.5,3120.93,12.60589093,22
2026-01-08 10:55:00,3122.5,3127.0,3121.25,3126.99,3124.54,34.06201258,45
2026-01-08 10:56:00,3124.82,3127.75,3124.19,3127.75,3125.66,7.61830681,17
2026-01-08 10:57:00,3126.01,3129.45,3124.7,3128.91,3127.14,29.19476639,42
2026-01-08 10:58:00,3125.3,3125.3,3124.69,3124.69,3125.01,46.85945541,10
2026-01-08 10:59:00,3124.69,3124.69,3123.58,3124.23,3124.02,3.74210441,14
2026-01-08 11:00:00,3124.14,3126.75,3124.13,3125.9,3124.87,0.61044629,14
2026-01-08 11:01:00,3125.81,3125.81,3124.23,3124.25,3124.48,2.54318826,9
2026-01-08 11:02:00,3124.24,3125.65,3124.14,3125.64,3125.5,3.29601349,10
2026-01-08 11:03:00,3126.43,3126.45,3125.09,3125.09,3126.24,0.04771494,5
2026-01-08 11:04:00,3126.34,3127.9,3126.34,3126.38,3127.82,13.35566763,10
2026-01-08 11:05:00,3125.21,3125.21,3118.62,3118.62,3123.03,20.92837979,24
2026-01-08 11:06:00,3119.22,3120.75,3119.22,3119.34,3120.54,2.73356789,10
2026-01-08 11:07:00,3119.55,3119.86,3118.95,3118.95,3119.43,0.84350045,7
2026-01-08 11:08:00,3119.08,3119.08,3118.37,3118.89,3118.8,0.03716933,3
2026-01-08 11:09:00,3118.89,3118.95,3118.26,3118.83,3118.86,0.85430708,4
2026-01-08 11:10:00,3118.71,3120.37,3118.71,3119.55,3119.66,0.47908906,7
2026-01-08 11:11:00,3119.55,3119.55,3119.12,3119.29,3119.13,3.02117338,11
2026-01-08 11:12:00,3119.3,3119.32,3119.14,3119.32,3119.3,0.00815826,3
2026-01-08 11:13:00,3119.26,3119.54,3118.51,3119.54,3118.75,2.46606855,9
2026-01-08 11:14:00,3118.72,3119.54,3118.71,3119.54,3119.34,3.41367826,18
2026-01-08 11:15:00,3119.53,3121.2,3119.53,3121.19,3119.56,9.20177488,10
2026-01-08 11:16:00,3121.65,3121.78,3121.62,3121.62,3121.65,0.00277419,4
2026-01-08 11:17:00,3120.51,3120.51,3119.47,3119.47,3120.11,0.27047311,3
2026-01-08 11:18:00,3119.47,3120.14,3119.47,3119.73,3119.65,3.71290162,9
2026-01-08 11:19:00,3120.8,3121.81,3120.8,3121.81,3121.03,0.22384064,3
2026-01-08 11:20:00,3122.7,3122.7,3112.0,3114.86,3118.15,31.97260114,58
2026-01-08 11:21:00,3114.63,3116.82,3113.99,3116.82,3115.04,22.2352472,17
2026-01-08 11:22:00,3116.69,3118.93,3116.41,3118.93,3117.66,12.68888596,15
2026-01-08 11:23:00,3119.13,3120.99,3119.13,3119.85,3119.63,0.90237359,8
2026-01-08 11:24:00,3119.63,3119.63,3116.98,3117.83,3119.09,5.37120347,12
2026-01-08 11:25:00,3117.83,3117.83,3117.24,3117.24,3117.41,0.60347037,7
2026-01-08 11:26:00,3117.73,3119.25,3117.73,3119.25,3118.25,2.26361845,8
2026-01-08 11:27:00,3119.14,3119.14,3118.64,3118.64,3118.9,0.68290234,6
2026-01-08 11:28:00,3118.63,3118.94,3118.63,3118.94,3118.66,0.09205729,3
2026-01-08 11:29:00,3118.4,3118.89,3118.4,3118.74,3118.69,0.27584673,5
2026-01-08 11:30:00,3118.61,3118.61,3118.51,3118.51,3118.52,0.84767436,3
2026-01-08 11:31:00,3118.52,3118.52,3114.14,3116.23,3115.31,13.14813922,30
2026-01-08 11:32:00,3116.27,3116.27,3115.81,3115.81,3115.82,1.39969272,2
2026-01-08 11:33:00,3115.01,3115.01,3114.2,3114.2,3114.85,3.64636424,19
2026-01-08 11:34:00,3114.82,3114.82,3114.82,3114.82,3114.82,0.00094752,2
2026-01-08 11:35:00,3114.99,3114.99,3112.14,3112.14,3113.46,4.17647018,23
2026-01-08 11:36:00,3111.92,3112.97,3111.6,3112.58,3111.81,1.37764081,8
2026-01-08 11:37:00,3112.4,3112.51,3111.5,3112.51,3112.37,5.76114104,10
2026-01-08 11:38:00,3112.31,3112.31,3109.6,3109.62,3110.01,1.88249441,8
2026-01-08 11:39:00,3110.13,3110.13,3109.49,3109.49,3109.63,3.68091012,16
2026-01-08 11:40:00,3109.7,3113.88,3109.7,3113.88,3112.44,1.30927577,8
2026-01-08 11:41:00,3113.61,3114.47,3113.15,3114.47,3113.58,0.23860368,6
2026-01-08 11:42:00,3115.16,3115.82,3115.16,3115.45,3115.45,0.43321348,6
2026-01-08 11:43:00,3114.5,3114.5,3112.93,3112.93,3113.35,2.92179419,7
2026-01-08 11:44:00,3112.27,3112.52,3109.59,3109.86,3110.39,1.604145,16
2026-01-08 11:45:00,3111.23,3112.09,3111.13,3112.09,3111.34,2.02313811,11
2026-01-08 11:46:00,3112.1,3112.1,3109.59,3109.59,3110.41,1.94544674,10
2026-01-08 11:47:00,3109.5,3109.67,3109.5,3109.67,3109.53,0.28236817,3
2026-01-08 11:48:00,3109.68,3111.13,3109.57,3110.35,3110.95,13.1027961,14
2026-01-08 11:49:00,3111.39,3111.8,3111.24,3111.24,3111.43,67.23463466,10
2026-01-08 11:50:00,3112.51,3114.77,3112.51,3114.77,3113.03,0.8135869,11
2026-01-08 11:51:00,3115.03,3115.72,3115.03,3115.72,3115.28,1.41189442,6
2026-01-08 11:52:00,3116.1,3116.1,3114.25,3114.69,3115.71,2.25611858,10
2026-01-08 11:53:00,3114.81,3115.01,3114.74,3114.9,3114.94,1.08700614,10
2026-01-08 11:54:00,3114.83,3114.83,3113.38,3113.38,3114.03,0.02919215,3
2026-01-08 11:55:00,3113.42,3114.2,3113.42,3113.6,3113.77,0.26434321,5
2026-01-08 11:56:00,3114.21,3114.39,3114.21,3114.39,3114.32,0.00954753,3
2026-01-08 11:57:00,3114.19,3114.58,3112.82,3114.58,3112.85,9.24880434,9
2026-01-08 11:58:00,3114.16,3116.21,3114.16,3116.21,3114.61,0.47414024,11
2026-01-08 11:59:00,3116.31,3116.92,3116.31,3116.92,3116.7,0.0105668,4
2026-01-08 12:00:00,3116.93,3116.93,3115.45,3115.45,3115.94,0.19633152,22
2026-01-08 12:01:00,3115.53,3115.53,3114.05,3114.58,3114.68,6.82674365,7
2026-01-08 12:02:00,3115.74,3115.74,3111.86,3111.86,3113.83,4.70162185,16
2026-01-08 12:03:00,3112.85,3113.43,3111.85,3111.85,3112.22,2.53407285,14
2026-01-08 12:04:00,3111.02,3113.13,3111.02,3113.13,3112.71,1.24475257,7
2026-01-08 12:05:00,3113.64,3114.41,3113.64,3114.23,3113.74,0.21725957,7
2026-01-08 12:06:00,3114.58,3114.58,3113.63,3113.66,3114.0,0.07724063,3
2026-01-08 12:07:00,3111.97,3111.97,3105.53,3105.53,3109.87,8.42518686,52
2026-01-08 12:08:00,3105.67,3105.67,3103.9,3103.9,3104.81,16.18643081,35
2026-01-08 12:09:00,3102.9,3104.03,3101.51,3103.58,3102.3,4.77046785,26
2026-01-08 12:10:00,3102.46,3102.46,3100.0,3100.0,3101.65,6.56969264,26
2026-01-08 12:11:00,3100.32,3100.32,3093.83,3093.83,3096.24,27.50583878,85
2026-01-08 12:12:00,3093.82,3100.22,3091.36,3100.22,3092.29,1.49062907,19
2026-01-08 12:13:00,3099.88,3101.24,3097.35,3097.35,3099.65,7.29478669,17
2026-01-08 12:14:00,3097.25,3099.23,3097.25,3099.18,3098.64,1.192386,10
2026-01-08 12:15:00,3099.74,3100.6,3099.15,3100.39,3100.02,0.13673668,7
2026-01-08 12:16:00,3100.78,3101.41,3100.78,3101.41,3101.39,0.22983434,5
2026-01-08 12:17:00,3101.4,3101.4,3099.8,3100.01,3100.27,1.02607156,8
2026-01-08 12:18:00,3099.74,3099.74,3097.2,3097.2,3097.78,3.45159149,7
2026-01-08 12:19:00,3097.44,3098.83,3095.25,3098.83,3096.96,3.38495251,21
2026-01-08 12:20:00,3099.44,3101.73,3098.83,3101.73,3099.64,5.7565581,19
2026-01-08 12:21:00,3103.11,3103.17,3099.32,3099.48,3101.89,2.06239521,12
2026-01-08 12:22:00,3101.28,3101.5,3100.4,3101.5,3101.22,0.38589258,3
2026-01-08 12:23:00,3101.69,3102.63,3101.64,3101.86,3102.05,0.38568192,7
2026-01-08 12:24:00,3101.1,3102.13,3101.1,3101.25,3101.51,4.20426441,10
2026-01-08 12:25:00,3101.01,3101.25,3100.92,3101.25,3101.01,1.61774432,7
2026-01-08 12:26:00,3101.18,3101.18,3101.18,3101.18,3101.18,0.14727941,1
2026-01-08 12:27:00,3102.73,3102.73,3102.73,3102.73,3102.73,0.04070439,2
2026-01-08 12:28:00,3103.25,3103.42,3099.95,3102.04,3101.91,0.95965855,13
2026-01-08 12:29:00,3102.76,3102.76,3102.49,3102.49,3102.72,0.08818858,5
2026-01-08 12:30:00,3101.7,3103.58,3101.69,3103.05,3102.0,6.88152333,20
2026-01-08 12:31:00,3103.57,3103.99,3103.04,3103.04,3103.5,0.05045778,5
2026-01-08 12:32:00,3101.82,3101.82,3099.3,3099.3,3101.15,3.95572695,16
2026-01-08 12:33:00,3099.2,3099.2,3093.28,3093.28,3097.34,4.70323309,19
2026-01-08 12:34:00,3093.79,3095.08,3090.44,3091.03,3092.68,6.10182706,24
2026-01-08 12:35:00,3091.3,3092.06,3080.69,3089.25,3086.04,196.1160205,166
2026-01-08 12:36:00,3088.05,3089.36,3088.05,3088.05,3088.55,19.88753671,13
2026-01-08 12:37:00,3088.04,3090.06,3087.51,3090.06,3089.37,2.52708324,15
2026-01-08 12:38:00,3090.5,3090.57,3090.5,3090.57,3090.52,0.0492145,2
2026-01-08 12:39:00,3090.57,3090.8,3089.66,3090.8,3090.08,0.81890092,8
2026-01-08 12:40:00,3089.96,3089.96,3089.19,3089.86,3089.39,2.10409129,6
2026-01-08 12:41:00,3092.13,3093.6,3092.13,3092.93,3092.63,1.2694903,13
2026-01-08 12:42:00,3092.97,3093.67,3092.97,3093.42,3093.64,9.66673435,11
2026-01-08 12:43:00,3093.67,3093.99,3093.67,3093.99,3093.97,0.05195556,3
2026-01-08 12:44:00,3094.0,3095.84,3094.0,3094.99,3095.36,5.24333089,6
2026-01-08 12:45:00,3094.99,3095.74,3094.13,3094.13,3095.21,0.28612795,8
2026-01-08 12:46:00,3093.98,3094.0,3093.98,3094.0,3093.99,0.24677685,2
2026-01-08 12:47:00,3094.0,3096.34,3094.0,3096.12,3094.91,0.13710319,5
2026-01-08 12:48:00,3096.26,3096.86,3096.11,3096.11,3096.6,6.39002387,14
2026-01-08 12:49:00,3096.31,3096.87,3096.31,3096.87,3096.57,0.17516657,6
2026-01-08 12:50:00,3096.32,3098.48,3095.58,3098.48,3097.0,1.94507655,21
2026-01-08 12:51:00,3098.77,3099.42,3098.28,3098.28,3098.77,0.12880125,9
2026-01-08 12:52:00,3097.85,3097.85,3093.98,3093.98,3095.79,0.7999616,9
2026-01-08 12:53:00,3093.14,3093.15,3091.03,3091.03,3092.56,3.44572904,18
2026-01-08 12:54:00,3091.04,3091.05,3089.59,3089.77,3090.09,11.17617463,28
2026-01-08 12:55:00,3091.91,3092.49,3091.91,3092.49,3091.92,0.11735341,3
2026-01-08 12:56:00,3092.12,3092.46,3091.59,3091.79,3092.26,3.77010162,12
2026-01-08 12:57:00,3092.35,3093.37,3092.35,3093.36,3092.92,3.31326884,9
2026-01-08 12:58:00,3093.58,3093.58,3092.96,3092.97,3093.54,2.41981393,7
2026-01-08 12:59:00,3091.64,3092.29,3091.58,3091.58,3092.27,0.10650558,6
2026-01-08 13:00:00,3091.54,3092.41,3091.06,3091.78,3091.52,1.02725109,29
2026-01-08 13:01:00,3091.31,3093.57,3090.66,3093.57,3093.24,1.16080338,12
2026-01-08 13:02:00,3093.39,3094.53,3092.69,3092.69,3094.19,0.45623095,7
2026-01-08 13:03:00,3092.85,3094.8,3092.85,3093.3,3094.45,0.67115239,11
2026-01-08 13:04:00,3094.19,3094.68,3093.88,3093.88,3093.99,0.6042711,8
2026-01-08 13:05:00,3093.15,3093.15,3092.23,3092.32,3092.8,0.78553887,8
2026-01-08 13:06:00,3091.86,3093.48,3091.86,3093.17,3093.15,1.84418996,8
2026-01-08 13:07:00,3094.19,3094.94,3094.19,3094.94,3094.52,0.09458723,8
2026-01-08 13:08:00,3094.93,3094.93,3093.13,3093.13,3094.31,0.88285261,7
2026-01-08 13:09:00,3093.61,3093.77,3093.61,3093.76,3093.75,3.38382066,6
2026-01-08 13:10:00,3093.77,3093.77,3093.76,3093.76,3093.76,0.02992442,3
2026-01-08 13:11:00,3093.77,3095.08,3093.77,3095.08,3094.5,0.05551355,4
2026-01-08 13:12:00,3095.21,3095.21,3093.23,3093.56,3094.6,2.91208327,13
2026-01-08 13:13:00,3093.97,3094.54,3093.94,3094.54,3093.99,5.57304585,12
2026-01-08 13:14:00,3094.53,3094.53,3091.63,3091.76,3092.57,0.84525915,14
2026-01-08 13:15:00,3091.96,3093.92,3091.96,3093.92,3092.13,2.3618506,8
2026-01-08 13:16:00,3093.79,3093.79,3090.39,3091.34,3093.68,10.10229659,14
2026-01-08 13:17:00,3090.38,3093.52,3090.38,3093.52,3092.14,0.60032926,9
2026-01-08 13:18:00,3093.54,3096.51,3093.54,3096.51,3095.44,5.20293393,13
2026-01-08 13:19:00,3096.5,3096.5,3093.13,3093.13,3094.89,0.18497976,10
2026-01-08 13:20:00,3093.13,3094.5,3092.72,3094.5,3093.12,0.33751444,6
2026-01-08 13:21:00,3095.49,3095.5,3094.0,3094.0,3095.41,2.91952885,6
2026-01-08 13:22:00,3094.36,3095.5,3094.36,3095.5,3094.77,0.04648632,6
2026-01-08 13:23:00,3095.49,3095.49,3094.05,3094.35,3094.31,8.6425257,9
2026-01-08 13:24:00,3094.47,3095.5,3094.47,3095.5,3095.36,0.13955923,6
2026-01-08 13:25:00,3095.49,3095.5,3095.49,3095.49,3095.49,0.14123595,4
2026-01-08 13:26:00,3095.49,3095.49,3094.4,3094.87,3095.02,0.04439671,6
2026-01-08 13:27:00,3095.32,3095.5,3095.23,3095.5,3095.43,4.59062361,11
2026-01-08 13:28:00,3095.49,3095.49,3094.46,3094.46,3094.71,1.2934937,7
2026-01-08 13:29:00,3095.0,3095.49,3095.0,3095.49,3095.15,46.75545745,10
2026-01-08 13:30:00,3095.5,3098.05,3095.49,3098.05,3096.19,5.04329719,16
2026-01-08 13:31:00,3098.48,3098.48,3096.78,3097.03,3096.9,1.38656279,7
2026-01-08 13:32:00,3097.03,3097.03,3091.18,3091.18,3094.86,2.52433507,16
2026-01-08 13:33:00,3091.19,3092.63,3090.0,3090.0,3091.68,16.76485568,29
2026-01-08 13:34:00,3089.76,3090.86,3088.95,3090.86,3089.49,1.86503676,22
2026-01-08 13:35:00,3090.86,3090.86,3089.1,3089.14,3090.37,0.59719361,5
2026-01-08 13:36:00,3090.68,3090.68,3089.04,3090.16,3089.87,7.83156391,12
2026-01-08 13:37:00,3089.81,3089.81,3087.71,3088.25,3088.88,3.04629991,13
2026-01-08 13:38:00,3088.58,3089.0,3088.58,3089.0,3088.99,8.17696104,10
2026-01-08 13:39:00,3091.3,3093.72,3091.3,3093.43,3092.5,0.10321215,8
2026-01-08 13:40:00,3093.43,3093.43,3091.6,3092.02,3092.71,0.25214986,6
2026-01-08 13:41:00,3092.17,3093.04,3092.16,3093.04,3092.95,0.04244408,5
2026-01-08 13:42:00,3094.81,3096.22,3094.1,3096.22,3095.17,1.14001005,14
2026-01-08 13:43:00,3095.79,3095.79,3094.44,3094.75,3094.63,0.1347533,5
2026-01-08 13:44:00,3094.74,3094.74,3094.74,3094.74,3094.74,16.39879279,9
2026-01-08 13:45:00,3094.75,3096.71,3094.75,3096.71,3095.24,0.63029799,6
2026-01-08 13:46:00,3096.59,3096.87,3095.78,3096.75,3096.02,12.12025091,16
2026-01-08 13:47:00,3096.21,3096.21,3096.21,3096.21,3096.21,0.03159593,1
2026-01-08 13:48:00,3095.41,3095.41,3092.56,3092.56,3094.68,2.17662475,11
2026-01-08 13:49:00,3091.91,3092.75,3091.91,3092.75,3092.72,0.01692142,3
2026-01-08 13:50:00,3092.65,3092.65,3090.53,3090.53,3092.19,0.77374669,12
2026-01-08 13:51:00,3090.39,3091.75,3090.36,3091.26,3090.46,13.26913339,19
2026-01-08 13:52:00,3091.12,3091.12,3089.73,3089.73,3090.17,0.03397226,5
2026-01-08 13:53:00,3089.76,3089.99,3088.1,3089.99,3089.71,1.07469211,9
2026-01-08 13:54:00,3091.7,3092.51,3091.32,3092.51,3092.15,0.55514284,7
2026-01-08 13:55:00,3091.82,3092.3,3091.34,3092.3,3091.39,3.99803699,11
2026-01-08 13:56:00,3091.4,3091.4,3091.39,3091.39,3091.39,0.20257426,2
2026-01-08 13:57:00,3091.56,3092.77,3091.12,3092.77,3091.5,0.18198294,4
2026-01-08 13:58:00,3093.26,3093.26,3092.73,3093.01,3092.78,0.84633095,6
2026-01-08 13:59:00,3093.04,3093.66,3092.75,3092.75,3092.97,0.75498013,5
2026-01-08 14:00:00,3092.86,3092.86,3090.5,3090.7,3091.46,2.84701846,18
2026-01-08 14:01:00,3090.0,3090.0,3088.45,3088.45,3089.3,0.13833363,7
2026-01-08 14:02:00,3088.08,3089.71,3088.08,3088.82,3089.32,0.56211873,9
2026-01-08 14:03:00,3088.53,3088.53,3085.13,3085.46,3087.22,111.31176939,37
2026-01-08 14:04:00,3085.29,3085.29,3079.5,3081.61,3080.35,20.39452009,61
2026-01-08 14:05:00,3079.92,3082.64,3070.0,3082.0,3073.75,127.07555483,163
2026-01-08 14:06:00,3080.6,3085.48,3080.02,3082.67,3082.31,5.3272685,23
2026-01-08 14:07:00,3082.74,3082.97,3081.74,3082.17,3082.36,2.63017848,28
2026-01-08 14:08:00,3084.53,3084.89,3083.04,3083.05,3084.44,0.9330921,15
2026-01-08 14:09:00,3083.04,3086.99,3083.04,3086.53,3085.9,67.43545809,29
2026-01-08 14:10:00,3086.54,3089.51,3086.54,3089.51,3087.49,3.06270743,20
2026-01-08 14:11:00,3089.51,3089.51,3087.29,3087.29,3088.6,6.88523784,18
2026-01-08 14:12:00,3087.34,3087.34,3087.33,3087.34,3087.33,4.76314143,11
2026-01-08 14:13:00,3087.34,3090.09,3087.34,3090.09,3088.59,8.28252903,18
2026-01-08 14:14:00,3090.09,3090.09,3088.79,3088.79,3088.82,5.85815308,9
2026-01-08 14:15:00,3088.8,3088.98,3087.56,3088.08,3088.61,3.37876755,18
2026-01-08 14:16:00,3088.07,3088.07,3087.82,3087.83,3087.96,4.83689565,7
2026-01-08 14:17:00,3087.83,3088.92,3087.83,3087.83,3087.93,3.35981326,11
2026-01-08 14:18:00,3087.83,3087.83,3087.49,3087.49,3087.8,1.73390586,12
2026-01-08 14:19:00,3086.95,3086.95,3084.24,3084.24,3084.67,2.87341631,22
2026-01-08 14:20:00,3084.0,3084.8,3083.73,3083.77,3084.44,28.91976382,33
2026-01-08 14:21:00,3083.68,3083.68,3079.72,3079.72,3081.49,33.02063294,24
2026-01-08 14:22:00,3079.68,3079.68,3077.03,3078.56,3077.63,40.07193664,33
2026-01-08 14:23:00,3079.14,3081.8,3078.85,3081.8,3080.74,11.23567883,17
2026-01-08 14:24:00,3081.8,3081.81,3080.81,3080.81,3081.58,24.07433066,17
2026-01-08 14:25:00,3080.9,3080.9,3077.19,3077.46,3078.39,49.82938769,32
2026-01-08 14:26:00,3077.46,3077.46,3062.67,3074.42,3068.02,187.75836582,159
2026-01-08 14:27:00,3075.1,3075.7,3072.75,3073.33,3074.86,3.09896847,29
2026-01-08 14:28:00,3074.8,3074.8,3069.66,3069.66,3071.83,2.5625597,22
2026-01-08 14:29:00,3070.94,3076.46,3070.94,3076.14,3073.79,7.88780917,19
2026-01-08 14:30:00,3075.31,3075.31,3067.44,3067.44,3071.91,1.45738348,19
2026-01-08 14:31:00,3069.18,3070.48,3063.8,3066.57,3066.48,22.95486749,48
2026-01-08 14:32:00,3068.96,3072.38,3068.96,3070.56,3070.14,35.3958528,29
2026-01-08 14:33:00,3071.24,3075.0,3071.24,3075.0,3073.97,40.34312466,22
2026-01-08 14:34:00,3075.21,3078.04,3075.21,3076.0,3077.34,6.59492702,23
2026-01-08 14:35:00,3077.61,3080.0,3076.14,3076.5,3077.86,14.09179434,19
2026-01-08 14:36:00,3077.19,3080.49,3077.19,3078.65,3079.55,2.55642669,11
2026-01-08 14:37:00,3078.1,3078.11,3069.99,3070.83,3074.08,4.60043808,28
2026-01-08 14:38:00,3070.24,3070.47,3067.44,3070.46,3069.37,0.22253098,11
2026-01-08 14:39:00,3069.65,3071.24,3064.66,3064.66,3068.75,4.11890829,23
2026-01-08 14:40:00,3063.8,3071.85,3063.8,3071.85,3067.74,6.80952571,42
2026-01-08 14:41:00,3071.38,3077.04,3068.6,3069.34,3073.54,71.45037852,84
2026-01-08 14:42:00,3067.85,3067.85,3060.02,3060.7,3065.35,168.83641205,80
2026-01-08 14:43:00,3060.7,3060.7,3055.88,3055.88,3058.66,153.97466078,183
2026-01-08 14:44:00,3055.88,3059.67,3055.65,3055.65,3057.03,10.86824336,37
2026-01-08 14:45:00,3055.56,3056.59,3050.33,3056.25,3052.44,382.6981565,142
2026-01-08 14:46:00,3055.99,3073.49,3055.85,3073.49,3063.24,377.26471967,124
2026-01-08 14:47:00,3073.5,3075.81,3070.76,3073.07,3073.11,75.30157148,80
2026-01-08 14:48:00,3072.95,3072.95,3068.41,3070.42,3071.32,7.27048305,33
2026-01-08 14:49:00,3072.18,3076.8,3072.18,3074.04,3074.98,63.71862023,24
2026-01-08 14:50:00,3074.03,3077.0,3072.19,3077.0,3074.37,155.11328204,45
2026-01-08 14:51:00,3074.74,3079.33,3073.99,3074.06,3074.65,22.64793325,25
2026-01-08 14:52:00,3072.97,3080.17,3072.0,3079.61,3075.76,5.26951547,29
2026-01-08 14:53:00,3079.69,3084.1,3079.61,3081.12,3081.18,7.34943531,29
2026-01-08 14:54:00,3080.37,3083.65,3075.73,3075.73,3077.21,53.36782089,38
2026-01-08 14:55:00,3075.41,3077.78,3074.74,3075.26,3076.66,6.14123685,19
2026-01-08 14:56:00,3075.21,3075.21,3072.24,3073.89,3073.13,11.21496134,32
2026-01-08 14:57:00,3070.46,3072.24,3069.0,3072.24,3070.16,4.60415306,15
2026-01-08 14:58:00,3074.05,3075.89,3072.62,3072.62,3075.08,5.30812066,12
2026-01-08 14:59:00,3075.85,3075.85,3073.62,3074.2,3074.88,2.48150645,9
2026-01-08 15:00:00,3073.77,3073.77,3070.13,3070.39,3071.46,8.39778694,24
2026-01-08 15:01:00,3068.71,3068.71,3064.85,3067.37,3066.01,6.6774673,23
2026-01-08 15:02:00,3065.73,3068.2,3065.47,3066.78,3066.07,16.41528781,13
2026-01-08 15:03:00,3065.74,3066.26,3063.56,3066.26,3063.98,29.37764001,17
2026-01-08 15:04:00,3065.11,3066.99,3064.56,3066.64,3065.13,49.39327813,13
2026-01-08 15:05:00,3067.51,3077.98,3067.51,3076.81,3073.04,5.11434689,40
2026-01-08 15:06:00,3077.8,3083.64,3077.8,3079.76,3080.21,88.97976681,51
2026-01-08 15:07:00,3078.33,3082.19,3077.46,3077.46,3078.22,43.82389466,16
2026-01-08 15:08:00,3076.83,3078.25,3075.59,3078.25,3076.66,102.48152678,22
2026-01-08 15:09:00,3080.12,3083.61,3079.79,3083.61,3080.37,59.74690769,24
2026-01-08 15:10:00,3081.82,3081.82,3076.28,3080.13,3079.0,6.98905292,37
2026-01-08 15:11:00,3082.21,3084.16,3081.46,3084.16,3083.5,80.87467091,28
2026-01-08 15:12:00,3084.36,3087.16,3083.84,3086.04,3085.2,3.3001225,19
2026-01-08 15:13:00,3085.38,3085.38,3078.99,3080.28,3079.92,16.52433248,22
2026-01-08 15:14:00,3079.63,3082.54,3079.63,3081.79,3081.73,0.18552739,9
2026-01-08 15:15:00,3081.76,3084.21,3080.11,3083.75,3081.37,17.38248304,22
2026-01-08 15:16:00,3082.8,3091.0,3082.8,3089.01,3087.25,4.60151303,32
2026-01-08 15:17:00,3087.17,3087.17,3085.06,3085.27,3086.05,0.10725984,7
2026-01-08 15:18:00,3086.69,3091.59,3086.69,3091.59,3089.3,3.44359802,14
2026-01-08 15:19:00,3091.16,3091.16,3088.79,3088.8,3088.9,6.36404682,15
2026-01-08 15:20:00,3088.8,3092.16,3088.79,3090.58,3090.91,9.6478065,27
2026-01-08 15:21:00,3092.2,3099.25,3089.95,3092.17,3095.21,79.5341757,75
2026-01-08 15:22:00,3090.57,3092.59,3087.62,3087.62,3088.48,6.96365133,21
2026-01-08 15:23:00,3089.59,3097.18,3089.59,3097.18,3092.67,59.26993765,46
2026-01-08 15:24:00,3096.87,3103.37,3096.87,3100.01,3100.6,42.22951295,30
2026-01-08 15:25:00,3100.66,3103.18,3098.72,3099.17,3101.68,10.55589219,24
2026-01-08 15:26:00,3098.71,3100.05,3098.71,3100.0,3098.85,22.14532068,11
2026-01-08 15:27:00,3100.02,3100.02,3097.02,3099.29,3098.57,2.84108031,12
2026-01-08 15:28:00,3100.12,3102.93,3099.12,3099.12,3100.45,42.7609699,28
2026-01-08 15:29:00,3098.76,3100.31,3098.05,3100.31,3100.0,11.7372796,10
2026-01-08 15:30:00,3099.6,3099.6,3095.49,3095.5,3098.1,6.41640864,26
2026-01-08 15:31:00,3095.5,3097.79,3094.04,3097.79,3094.54,1.96262976,18
2026-01-08 15:32:00,3099.13,3102.51,3099.12,3100.13,3100.04,29.10058648,15
2026-01-08 15:33:00,3097.79,3097.79,3094.97,3095.6,3095.81,3.75935282,20
2026-01-08 15:34:00,3095.91,3096.05,3094.49,3094.49,3095.87,3.77862775,10
2026-01-08 15:35:00,3093.48,3093.48,3088.8,3091.73,3090.78,17.5543971,50
2026-01-08 15:36:00,3092.04,3092.04,3087.15,3088.12,3087.91,7.03465436,30
2026-01-08 15:37:00,3089.35,3090.99,3088.79,3090.99,3090.35,34.30738287,15
2026-01-08 15:38:00,3091.61,3093.71,3090.45,3090.46,3091.48,20.31685024,25
2026-01-08 15:39:00,3090.8,3093.44,3090.8,3093.2,3091.98,5.59622823,8
2026-01-08 15:40:00,3093.2,3097.01,3093.2,3097.01,3094.76,11.86505118,27
2026-01-08 15:41:00,3097.79,3106.57,3097.79,3106.57,3102.18,10.15496777,28
2026-01-08 15:42:00,3105.63,3108.02,3100.83,3101.27,3106.08,13.09686011,21
2026-01-08 15:43:00,3100.79,3100.79,3099.11,3099.62,3100.37,28.11883809,30
2026-01-08 15:44:00,3098.39,3098.39,3093.41,3093.41,3096.65,44.66296127,33
2026-01-08 15:45:00,3092.02,3092.02,3090.0,3090.18,3091.08,45.44342019,29
2026-01-08 15:46:00,3089.25,3089.25,3085.13,3085.54,3088.35,16.95780422,39
2026-01-08 15:47:00,3084.8,3087.04,3084.8,3086.14,3086.67,1.38492012,9
2026-01-08 15:48:00,3086.79,3088.76,3084.01,3088.76,3086.3,6.46487618,14
2026-01-08 15:49:00,3089.18,3091.42,3089.18,3091.42,3090.53,3.94073236,24
2026-01-08 15:50:00,3090.95,3093.71,3090.95,3093.71,3092.11,5.82306664,21
2026-01-08 15:51:00,3093.61,3095.17,3092.92,3095.17,3094.23,4.98847135,20
2026-01-08 15:52:00,3095.17,3096.02,3093.39,3093.39,3095.37,3.05961623,18
2026-01-08 15:53:00,3092.91,3092.92,3089.57,3089.57,3092.59,11.42502706,14
2026-01-08 15:54:00,3090.14,3090.95,3089.2,3090.19,3089.63,3.60552706,5
2026-01-08 15:55:00,3089.45,3094.41,3089.45,3093.39,3090.73,5.07800345,17
2026-01-08 15:56:00,3093.59,3093.59,3088.76,3088.76,3091.12,4.98866247,18
2026-01-08 15:57:00,3090.08,3092.37,3090.08,3092.37,3091.77,0.11924356,5
2026-01-08 15:58:00,3094.4,3100.17,3094.4,3100.17,3096.67,6.99795753,37
2026-01-08 15:59:00,3100.88,3102.62,3100.21,3100.21,3102.1,7.1539831,19
2026-01-08 16:00:00,3100.69,3104.22,3099.79,3101.65,3101.82,3.6239809,31
2026-01-08 16:01:00,3100.01,3104.08,3100.0,3104.07,3103.43,10.39848827,13
2026-01-08 16:02:00,3103.3,3103.44,3099.27,3099.27,3102.66,2.67581432,13
2026-01-08 16:03:00,3099.27,3099.27,3097.14,3097.14,3098.07,3.13992415,13
2026-01-08 16:04:00,3097.72,3098.2,3096.62,3098.2,3097.74,1.86062244,8
2026-01-08 16:05:00,3096.62,3101.0,3095.42,3101.0,3100.6,70.95426588,25
2026-01-08 16:06:00,3100.26,3103.11,3100.01,3101.49,3102.59,6.99543318,20
2026-01-08 16:07:00,3101.28,3101.91,3099.26,3099.26,3101.38,0.69196589,9
2026-01-08 16:08:00,3099.26,3099.26,3096.88,3097.26,3096.98,8.46077803,11
2026-01-08 16:09:00,3097.35,3097.52,3095.54,3095.54,3095.86,11.1435669,18
2026-01-08 16:10:00,3096.82,3096.82,3093.48,3093.98,3095.46,9.47723812,24
2026-01-08 16:11:00,3094.46,3094.92,3093.58,3093.94,3094.31,7.4088132,11
2026-01-08 16:12:00,3094.87,3098.42,3094.87,3098.42,3095.22,0.5987665,8
2026-01-08 16:13:00,3099.53,3100.05,3098.01,3098.6,3099.54,16.82408621,13
2026-01-08 16:14:00,3098.94,3098.94,3096.57,3096.57,3097.54,4.95602746,10
2026-01-08 16:15:00,3095.64,3095.65,3092.01,3092.01,3093.08,161.56415277,33
2026-01-08 16:16:00,3092.0,3093.12,3089.15,3093.12,3090.36,8.65939305,21
2026-01-08 16:17:00,3093.12,3095.36,3093.12,3094.78,3095.22,2.47120843,10
2026-01-08 16:18:00,3093.68,3095.91,3092.84,3095.91,3093.92,42.58113764,60
2026-01-08 16:19:00,3096.3,3096.3,3093.08,3093.41,3094.57,9.80126449,15
2026-01-08 16:20:00,3093.3,3095.41,3093.3,3094.17,3093.35,1.19000176,7
2026-01-08 16:21:00,3094.17,3095.41,3093.82,3094.45,3094.49,7.10307155,8
2026-01-08 16:22:00,3093.39,3093.39,3090.48,3091.73,3091.75,3.56594063,14
2026-01-08 16:23:00,3091.54,3095.41,3091.54,3095.41,3093.94,0.47474566,9
2026-01-08 16:24:00,3095.04,3096.46,3095.04,3095.84,3096.14,0.12217301,5
2026-01-08 16:25:00,3096.11,3096.12,3093.35,3094.7,3094.0,8.97043122,16
2026-01-08 16:26:00,3094.77,3098.89,3094.77,3096.97,3097.47,2.54021322,13
2026-01-08 16:27:00,3096.53,3096.53,3094.3,3094.3,3095.52,0.14005682,5
2026-01-08 16:28:00,3094.55,3095.64,3094.24,3094.24,3095.22,14.65266638,9
2026-01-08 16:29:00,3094.83,3097.99,3094.83,3096.87,3097.23,143.68700719,31
2026-01-08 16:30:00,3098.16,3098.33,3095.04,3098.33,3096.62,1.23874748,14
2026-01-08 16:31:00,3098.84,3099.24,3096.52,3096.52,3098.41,2.51768692,15
2026-01-08 16:32:00,3096.53,3097.77,3092.76,3092.76,3095.84,5.59540542,24
2026-01-08 16:33:00,3093.75,3097.05,3093.75,3097.05,3094.31,37.15136964,8
2026-01-08 16:34:00,3097.46,3097.46,3093.41,3094.2,3095.15,0.22894632,9
2026-01-08 16:35:00,3094.26,3094.41,3092.21,3092.21,3092.63,0.37136372,11
2026-01-08 16:36:00,3092.57,3092.57,3087.59,3087.59,3090.63,0.60993766,16
2026-01-08 16:37:00,3087.59,3090.65,3087.59,3090.65,3087.86,0.58515907,5
2026-01-08 16:38:00,3091.8,3094.88,3091.8,3093.89,3094.74,2.46798575,13
2026-01-08 16:39:00,3095.25,3096.27,3094.35,3094.5,3094.44,1.64727819,10
2026-01-08 16:40:00,3092.94,3093.97,3092.94,3093.97,3093.2,134.84514129,20
2026-01-08 16:41:00,3092.93,3097.99,3092.63,3097.99,3096.28,1.85379069,9
2026-01-08 16:42:00,3098.0,3106.96,3098.0,3106.96,3104.76,27.44237646,32
2026-01-08 16:43:00,3106.97,3110.0,3106.97,3109.11,3109.72,5.56365262,17
2026-01-08 16:44:00,3107.74,3108.16,3105.98,3106.54,3106.43,7.31497062,14
2026-01-08 16:45:00,3106.64,3111.2,3106.5,3111.2,3109.28,3.77861249,15
2026-01-08 16:46:00,3111.41,3111.41,3108.18,3108.53,3109.85,1.13460407,10
2026-01-08 16:47:00,3107.99,3111.56,3107.99,3111.56,3110.32,2.91309239,8
2026-01-08 16:48:00,3112.0,3115.97,3112.0,3115.79,3114.36,7.77347965,55
2026-01-08 16:49:00,3116.11,3117.23,3113.3,3114.41,3116.94,1.15989455,10
2026-01-08 16:50:00,3114.64,3116.32,3113.69,3114.36,3114.32,37.22538466,17
2026-01-08 16:51:00,3114.74,3115.42,3113.94,3113.94,3114.71,4.83737954,10
2026-01-08 16:52:00,3113.0,3113.0,3111.3,3112.01,3112.02,1.688499,12
2026-01-08 16:53:00,3111.78,3111.83,3110.09,3110.09,3110.92,3.10510882,13
2026-01-08 16:54:00,3109.77,3111.26,3109.77,3111.06,3110.82,0.17172372,7
2026-01-08 16:55:00,3111.48,3113.59,3110.64,3113.24,3111.03,167.52820825,32
2026-01-08 16:56:00,3114.08,3114.08,3112.43,3112.61,3114.04,3.86506097,8
2026-01-08 16:57:00,3113.04,3113.28,3111.84,3113.19,3113.11,2.55166175,12
2026-01-08 16:58:00,3113.53,3114.94,3113.53,3114.94,3114.52,5.41101685,9
2026-01-08 16:59:00,3115.52,3119.99,3114.95,3119.54,3117.32,14.95650464,28
2026-01-08 17:00:00,3119.26,3121.91,3117.03,3118.53,3119.53,5.2380191,35
2026-01-08 17:01:00,3117.96,3119.44,3117.24,3119.36,3118.86,3.58216232,13
2026-01-08 17:02:00,3119.73,3125.31,3119.68,3119.94,3121.82,10.65516854,42
2026-01-08 17:03:00,3120.99,3124.04,3120.99,3123.12,3123.81,24.44771866,30
2026-01-08 17:04:00,3122.89,3125.33,3122.52,3123.51,3124.13,2.37419293,33
2026-01-08 17:05:00,3122.89,3122.89,3116.83,3118.69,3120.28,11.25507996,21
2026-01-08 17:06:00,3118.58,3121.64,3118.58,3121.64,3120.33,0.14291904,4
2026-01-08 17:07:00,3122.06,3123.16,3120.76,3120.76,3121.7,1.71838231,9
2026-01-08 17:08:00,3120.59,3124.73,3120.59,3124.02,3123.97,2.30594228,20
2026-01-08 17:09:00,3123.66,3124.6,3122.1,3122.17,3123.29,3.41104382,11
2026-01-08 17:10:00,3122.16,3122.17,3119.28,3119.28,3122.15,142.14699081,45
2026-01-08 17:11:00,3121.48,3121.5,3119.95,3121.14,3121.14,0.67749615,10
2026-01-08 17:12:00,3121.79,3121.86,3121.09,3121.09,3121.63,0.81697392,12
2026-01-08 17:13:00,3120.49,3121.65,3120.49,3121.46,3120.98,1.60794217,11
2026-01-08 17:14:00,3121.26,3121.78,3120.46,3120.66,3120.87,0.3058469,13
2026-01-08 17:15:00,3120.66,3122.06,3118.69,3119.48,3120.56,58.9684935,26
2026-01-08 17:16:00,3118.69,3119.75,3118.15,3119.75,3118.25,45.71631834,29
2026-01-08 17:17:00,3120.15,3120.15,3118.51,3118.51,3118.99,15.60881166,23
2026-01-08 17:18:00,3118.14,3118.14,3115.76,3115.79,3116.65,2.32963666,17
2026-01-08 17:19:00,3115.7,3117.14,3115.7,3116.01,3116.96,4.01490414,13
2026-01-08 17:20:00,3116.81,3117.23,3116.01,3117.23,3116.65,22.04939752,23
2026-01-08 17:21:00,3118.5,3118.5,3117.17,3118.38,3118.37,3.3519132,6
2026-01-08 17:22:00,3118.27,3119.81,3118.27,3118.85,3118.36,12.76471447,15
2026-01-08 17:23:00,3119.38,3119.38,3117.4,3117.9,3118.3,0.67556838,8
2026-01-08 17:24:00,3117.64,3117.64,3116.8,3116.8,3117.45,4.13438718,5
2026-01-08 17:25:00,3116.39,3116.39,3113.22,3113.22,3114.94,2.9656701,15
2026-01-08 17:26:00,3113.25,3114.21,3108.57,3109.27,3113.32,39.90759469,47
2026-01-08 17:27:00,3108.92,3112.94,3108.05,3112.94,3110.54,8.96787867,24
2026-01-08 17:28:00,3112.11,3112.11,3109.25,3109.41,3109.69,0.36551841,6
2026-01-08 17:29:00,3109.44,3110.2,3109.4,3109.4,3109.42,0.90508285,6
2026-01-08 17:30:00,3110.06,3113.25,3110.06,3113.06,3111.77,92.99918196,41
2026-01-08 17:31:00,3112.61,3114.34,3112.6,3113.3,3113.86,5.12664002,10
2026-01-08 17:32:00,3113.27,3115.07,3113.27,3115.0,3114.66,42.74504837,21
2026-01-08 17:33:00,3113.79,3115.62,3113.79,3115.43,3115.32,6.23271575,25
2026-01-08 17:34:00,3115.16,3116.09,3115.04,3115.05,3115.14,7.07397466,22
2026-01-08 17:35:00,3115.05,3117.18,3115.04,3117.18,3115.53,9.63663369,24
2026-01-08 17:36:00,3116.3,3117.17,3115.63,3116.99,3116.01,0.37855803,17
2026-01-08 17:37:00,3117.0,3117.0,3114.2,3114.21,3115.46,20.20665136,11
2026-01-08 17:38:00,3114.21,3114.21,3114.2,3114.2,3114.2,8.72871963,12
2026-01-08 17:39:00,3114.2,3118.12,3114.2,3118.12,3114.6,7.76154612,19
2026-01-08 17:40:00,3118.12,3118.65,3118.12,3118.29,3118.18,3.00434512,15
2026-01-08 17:41:00,3118.2,3120.53,3118.2,3118.7,3120.37,31.08047065,23
2026-01-08 17:42:00,3119.64,3120.12,3118.05,3118.05,3119.68,0.10225311,6
2026-01-08 17:43:00,3119.24,3119.83,3118.09,3118.09,3118.54,1.30256891,12
2026-01-08 17:44:00,3118.6,3119.66,3117.92,3119.66,3119.04,36.30340676,12
2026-01-08 17:45:00,3119.32,3122.5,3119.31,3121.75,3120.28,2.39642674,17
2026-01-08 17:46:00,3121.23,3122.12,3121.23,3122.12,3122.01,0.08617251,5
2026-01-08 17:47:00,3122.8,3125.0,3122.8,3125.0,3123.32,42.74727382,22
2026-01-08 17:48:00,3124.91,3126.0,3124.29,3124.29,3125.06,5.91029743,18
2026-01-08 17:49:00,3124.24,3124.24,3122.25,3123.39,3123.14,13.31483843,13
2026-01-08 17:50:00,3123.09,3125.19,3123.09,3125.19,3124.23,5.47988956,10
2026-01-08 17:51:00,3125.39,3131.72,3125.39,3129.88,3129.96,6.86210337,66
2026-01-08 17:52:00,3129.89,3131.16,3129.89,3130.01,3130.72,3.20362747,10
2026-01-08 17:53:00,3130.13,3130.42,3130.03,3130.04,3130.31,1.94171614,9
2026-01-08 17:54:00,3130.45,3131.23,3130.03,3130.34,3130.39,0.46143498,8
2026-01-08 17:55:00,3131.04,3135.65,3131.04,3133.87,3134.39,10.62773534,43
2026-01-08 17:56:00,3132.79,3133.53,3131.88,3132.91,3132.63,15.60562504,19
2026-01-08 17:57:00,3132.67,3132.67,3132.0,3132.3,3132.29,0.28583284,7
2026-01-08 17:58:00,3132.3,3132.3,3130.1,3130.11,3131.45,0.68359944,11
2026-01-08 17:59:00,3130.3,3131.78,3130.3,3131.78,3130.89,0.6872064,6
2026-01-08 18:00:00,3131.78,3131.78,3130.57,3130.58,3131.44,24.52715464,37
2026-01-08 18:01:00,3130.57,3131.29,3129.84,3130.51,3130.03,23.74540219,18
2026-01-08 18:02:00,3130.51,3130.51,3129.2,3129.45,3129.61,4.42817879,13
2026-01-08 18:03:00,3130.01,3131.05,3129.58,3130.29,3130.64,2.85741357,7
2026-01-08 18:04:00,3130.08,3132.22,3128.63,3128.66,3130.39,4.7678958,14
2026-01-08 18:05:00,3128.39,3128.39,3125.64,3125.64,3127.57,9.07159476,25
2026-01-08 18:06:00,3125.2,3125.93,3124.81,3125.93,3125.31,9.2991856,12
2026-01-08 18:07:00,3124.19,3126.34,3124.19,3126.34,3124.52,3.55542922,15
2026-01-08 18:08:00,3126.24,3126.41,3125.16,3126.41,3125.74,10.39615445,13
2026-01-08 18:09:00,3125.74,3127.14,3125.74,3127.14,3126.26,6.80251592,13
2026-01-08 18:10:00,3127.14,3127.63,3124.56,3124.56,3126.75,2.10625814,14
2026-01-08 18:11:00,3124.56,3124.56,3120.4,3124.05,3123.74,21.49938979,40
2026-01-08 18:12:00,3124.23,3124.23,3121.05,3121.89,3121.98,5.21053664,16
2026-01-08 18:13:00,3122.02,3122.54,3121.34,3121.34,3122.21,10.67950421,14
2026-01-08 18:14:00,3121.33,3121.33,3120.22,3120.22,3121.22,1.89762709,9
2026-01-08 18:15:00,3120.21,3120.21,3118.54,3118.69,3119.41,4.62645165,12
2026-01-08 18:16:00,3118.68,3119.36,3118.5,3119.08,3118.58,5.03120675,15
2026-01-08 18:17:00,3119.09,3122.61,3119.09,3122.0,3120.26,47.78901516,27
2026-01-08 18:18:00,3122.26,3122.26,3120.22,3120.27,3121.77,15.59524695,19
2026-01-08 18:19:00,3120.59,3124.69,3120.59,3124.69,3122.36,10.5573186,21
2026-01-08 18:20:00,3124.69,3126.04,3124.5,3124.85,3124.96,26.73107498,21
2026-01-08 18:21:00,3124.55,3124.55,3123.65,3123.66,3123.67,0.62223604,5
2026-01-08 18:22:00,3123.65,3123.65,3121.2,3121.47,3122.14,0.49878764,8
2026-01-08 18:23:00,3121.07,3124.18,3121.07,3124.18,3123.05,2.46261063,13
2026-01-08 18:24:00,3124.6,3125.73,3121.06,3121.06,3123.72,6.37546164,33
2026-01-08 18:25:00,3120.23,3120.6,3120.23,3120.6,3120.38,1.16426652,10
2026-01-08 18:26:00,3120.24,3120.93,3120.23,3120.93,3120.33,3.41801638,11
2026-01-08 18:27:00,3121.36,3121.89,3121.36,3121.74,3121.71,2.56415086,12
2026-01-08 18:28:00,3122.03,3122.87,3121.74,3122.26,3122.64,0.22682268,9
2026-01-08 18:29:00,3122.64,3122.75,3121.75,3122.75,3121.84,61.28956235,26
2026-01-08 18:30:00,3122.3,3124.33,3122.06,3124.26,3123.98,12.45735378,16
2026-01-08 18:31:00,3124.65,3126.53,3123.37,3123.37,3124.8,0.8676143,19
2026-01-08 18:32:00,3123.54,3123.59,3120.84,3120.84,3120.93,4.69871678,15
2026-01-08 18:33:00,3120.84,3121.55,3120.84,3121.55,3121.43,0.38660937,6
2026-01-08 18:34:00,3120.83,3120.96,3120.23,3120.54,3120.27,1.3966429,8
2026-01-08 18:35:00,3120.55,3122.44,3120.51,3122.44,3121.04,7.51597779,19
2026-01-08 18:36:00,3123.49,3124.16,3122.42,3122.42,3123.87,10.53832312,13
2026-01-08 18:37:00,3123.16,3123.18,3121.25,3121.27,3122.63,4.88737028,9
2026-01-08 18:38:00,3121.28,3121.28,3121.27,3121.27,3121.27,0.09692365,5
2026-01-08 18:39:00,3121.28,3121.28,3121.27,3121.27,3121.27,3.71828087,23
2026-01-08 18:40:00,3121.27,3121.28,3116.31,3116.32,3119.65,27.9499968,28
2026-01-08 18:41:00,3116.32,3116.71,3116.32,3116.34,3116.38,4.69533029,9
2026-01-08 18:42:00,3117.01,3118.55,3116.32,3118.27,3118.05,13.93766557,14
2026-01-08 18:43:00,3119.31,3119.8,3118.44,3119.04,3119.11,11.83860541,23
2026-01-08 18:44:00,3118.04,3118.41,3117.97,3117.97,3118.29,31.08664577,11
2026-01-08 18:45:00,3117.43,3117.53,3116.01,3116.09,3116.25,13.77340707,12
2026-01-08 18:46:00,3116.1,3118.5,3116.1,3117.48,3116.34,2.6802768,5
2026-01-08 18:47:00,3117.04,3119.33,3116.04,3118.95,3118.19,8.73087414,15
2026-01-08 18:48:00,3119.48,3120.41,3119.33,3120.41,3119.66,2.47416532,6
2026-01-08 18:49:00,3119.24,3119.95,3118.14,3119.29,3119.49,10.96170838,13
2026-01-08 18:50:00,3119.37,3119.86,3118.94,3119.17,3119.35,6.64419973,15
2026-01-08 18:51:00,3119.86,3119.86,3118.63,3119.72,3119.22,1.12289871,12
2026-01-08 18:52:00,3118.79,3120.67,3116.94,3120.46,3119.85,3.64928047,23
2026-01-08 18:53:00,3120.91,3121.72,3120.9,3121.72,3121.22,0.06511378,5
2026-01-08 18:54:00,3120.31,3120.4,3119.73,3119.73,3120.25,0.05354229,6
2026-01-08 18:55:00,3118.68,3118.68,3116.0,3116.0,3116.52,0.35621736,5
2026-01-08 18:56:00,3115.5,3115.5,3112.39,3112.39,3113.68,17.00350001,24
2026-01-08 18:57:00,3113.18,3113.18,3112.96,3113.18,3113.17,52.10325598,11
2026-01-08 18:58:00,3115.36,3116.17,3115.36,3116.17,3115.87,0.20761205,8
2026-01-08 18:59:00,3115.59,3117.28,3115.59,3117.28,3116.69,0.31017384,7
2026-01-08 19:00:00,3117.41,3117.41,3114.34,3114.34,3116.74,23.32359047,24
2026-01-08 19:01:00,3114.5,3114.51,3113.21,3113.92,3113.92,6.80184459,42
2026-01-08 19:02:00,3113.92,3114.94,3113.92,3114.94,3114.13,0.06368458,5
2026-01-08 19:03:00,3116.11,3118.62,3116.11,3118.61,3118.59,6.20712046,16
2026-01-08 19:04:00,3118.62,3119.32,3118.62,3118.96,3118.99,9.32551573,21
2026-01-08 19:05:00,3118.97,3124.79,3118.97,3124.79,3122.5,44.93301405,49
2026-01-08 19:06:00,3124.94,3125.17,3122.23,3122.23,3124.94,3.0042428,11
2026-01-08 19:07:00,3121.59,3121.79,3120.8,3121.46,3120.99,6.8478643,10
2026-01-08 19:08:00,3121.47,3121.51,3121.23,3121.51,3121.47,5.33222874,10
2026-01-08 19:09:00,3122.14,3122.41,3122.14,3122.4,3122.38,12.84643077,18
2026-01-08 19:10:00,3122.21,3122.27,3121.14,3121.14,3121.74,32.35170346,22
2026-01-08 19:11:00,3120.47,3122.41,3120.47,3122.41,3121.1,45.54402493,19
2026-01-08 19:12:00,3122.41,3124.42,3122.41,3124.42,3123.24,1.05509359,12
2026-01-08 19:13:00,3123.78,3123.85,3123.78,3123.85,3123.82,37.97988674,13
2026-01-08 19:14:00,3123.78,3123.78,3121.12,3121.12,3121.17,4.58918026,10
2026-01-08 19:15:00,3121.11,3121.11,3114.71,3114.71,3117.1,3.56508412,29
2026-01-08 19:16:00,3114.7,3114.7,3106.95,3109.4,3108.95,23.49517853,53
2026-01-08 19:17:00,3108.9,3110.95,3108.04,3110.95,3110.41,21.3466655,14
2026-01-08 19:18:00,3111.53,3113.29,3111.53,3113.29,3112.49,3.1267408,6
2026-01-08 19:19:00,3110.8,3113.37,3110.63,3113.37,3112.06,16.1083848,20
2026-01-08 19:20:00,3112.25,3113.35,3112.14,3113.34,3112.8,9.25499707,13
2026-01-08 19:21:00,3113.35,3113.36,3112.36,3112.36,3113.3,0.21982107,5
2026-01-08 19:22:00,3112.35,3114.66,3112.35,3114.64,3113.84,2.22759394,9
2026-01-08 19:23:00,3114.57,3114.57,3113.5,3114.52,3114.56,2.89028485,7
2026-01-08 19:24:00,3114.87,3114.87,3113.33,3113.33,3113.93,0.13073803,5
2026-01-08 19:25:00,3113.97,3114.91,3111.63,3111.71,3112.78,0.08240191,7
2026-01-08 19:26:00,3112.5,3112.5,3112.09,3112.09,3112.39,0.05879816,3
2026-01-08 19:27:00,3112.5,3113.28,3112.49,3113.28,3112.61,1.08001917,9
2026-01-08 19:28:00,3113.13,3114.14,3113.13,3113.49,3113.58,0.58939838,10
2026-01-08 19:29:00,3113.5,3114.79,3113.5,3114.33,3114.25,0.13286745,8
2026-01-08 19:30:00,3113.74,3117.16,3113.74,3117.16,3113.86,41.12249153,19
2026-01-08 19:31:00,3116.49,3117.1,3116.21,3117.1,3116.33,8.95183451,15
2026-01-08 19:32:00,3117.17,3118.29,3117.0,3117.8,3117.52,2.90492382,9
2026-01-08 19:33:00,3117.79,3118.78,3117.4,3118.78,3118.56,0.47256625,12
2026-01-08 19:34:00,3119.05,3122.55,3119.05,3122.55,3122.06,2.68956795,19
2026-01-08 19:35:00,3122.62,3122.62,3120.37,3120.82,3120.81,40.01966992,22
2026-01-08 19:36:00,3120.82,3120.82,3119.96,3119.97,3120.0,0.32487768,7
2026-01-08 19:37:00,3119.66,3120.84,3119.53,3119.72,3120.56,132.23864815,31
2026-01-08 19:38:00,3119.72,3122.26,3119.72,3122.26,3121.27,2.39529726,4
2026-01-08 19:39:00,3121.92,3122.45,3121.31,3121.31,3121.78,5.28396398,10
2026-01-08 19:40:00,3121.3,3121.3,3118.85,3118.99,3119.57,30.11938053,51
2026-01-08 19:41:00,3118.99,3119.42,3117.23,3117.43,3118.86,63.99472437,40
2026-01-08 19:42:00,3117.21,3117.46,3116.55,3117.29,3117.0,3.75407179,11
2026-01-08 19:43:00,3117.29,3117.76,3115.34,3115.34,3117.65,42.27847619,13
2026-01-08 19:44:00,3115.34,3115.34,3113.04,3113.04,3113.69,39.49227882,19
2026-01-08 19:45:00,3113.58,3113.59,3113.29,3113.59,3113.3,38.54370445,6
2026-01-08 19:46:00,3113.15,3115.49,3113.15,3114.12,3113.87,0.87255559,11
2026-01-08 19:47:00,3114.73,3114.73,3114.73,3114.73,3114.73,0.00314814,1
2026-01-08 19:48:00,3116.04,3116.04,3114.95,3115.22,3115.08,1.68552031,12
2026-01-08 19:49:00,3116.11,3116.11,3114.4,3115.02,3115.03,0.37230012,4
2026-01-08 19:50:00,3115.2,3116.71,3115.2,3116.71,3115.29,1.25118249,6
2026-01-08 19:51:00,3116.72,3116.72,3115.21,3115.21,3115.8,0.00465972,3
2026-01-08 19:52:00,3115.33,3115.91,3113.86,3113.86,3115.65,3.44177136,9
2026-01-08 19:53:00,3113.55,3114.14,3112.88,3114.14,3112.9,2.55204281,7
2026-01-08 19:54:00,3114.45,3114.45,3113.21,3113.22,3113.98,0.7997438,10
2026-01-08 19:55:00,3113.21,3113.21,3110.23,3111.32,3112.37,188.06527719,31
2026-01-08 19:56:00,3110.25,3110.25,3105.75,3105.75,3108.57,9.35382758,12
2026-01-08 19:57:00,3105.74,3105.74,3102.41,3104.14,3104.07,2.55593886,19
2026-01-08 19:58:00,3104.44,3107.09,3104.44,3106.99,3104.66,5.89386496,10
2026-01-08 19:59:00,3107.53,3108.34,3107.53,3108.34,3107.82,5.36812883,10
2026-01-08 20:00:00,3108.34,3108.34,3105.13,3105.13,3106.96,2.1713897,18
2026-01-08 20:01:00,3104.52,3104.52,3099.98,3100.39,3101.4,62.47893681,66
2026-01-08 20:02:00,3100.26,3100.26,3097.37,3098.85,3099.09,91.55768269,50
2026-01-08 20:03:00,3099.53,3099.53,3094.58,3095.63,3095.71,184.3879744,61
