timestamp,open,high,low,close,volume,close_time,quote_volume,trades,taker_buy_base,taker_buy_quote,ignore
2026-01-04 02:55:00,3139.57,3141.12,3137.6,3141.12,393.3548,2026-01-04 02:59:59.999,1234846.49879800,5168,160.66310000,504361.73361400,0
2026-01-04 03:00:00,3141.12,3143.19,3140.96,3141.29,247.1154,2026-01-04 03:04:59.999,776410.72218200,5045,154.31740000,484834.32994400,0
2026-01-04 03:05:00,3141.3,3142.88,3140.01,3141.8,328.8758,2026-01-04 03:09:59.999,1033271.06611600,7223,143.26020000,450046.32396900,0
2026-01-04 03:10:00,3141.8,3150.41,3141.8,3148.73,755.2131,2026-01-04 03:14:59.999,2377677.71981200,12221,575.67590000,1812311.51962600,0
2026-01-04 03:15:00,3148.72,3149.09,3145.99,3149.08,307.6693,2026-01-04 03:19:59.999,968268.38178300,8801,131.41440000,413599.47681600,0
2026-01-04 03:20:00,3149.09,3150.58,3146.0,3146.53,268.1947,2026-01-04 03:24:59.999,844357.28751100,7374,190.68730000,600314.89390100,0
2026-01-04 03:25:00,3146.54,3148.09,3143.18,3143.2,565.5115,2026-01-04 03:29:59.999,1778942.71643900,5933,153.59330000,483257.35711000,0
2026-01-04 03:30:00,3143.21,3145.35,3141.72,3142.91,1271.6076,2026-01-04 03:34:59.999,3996606.34199900,9978,359.30160000,1129262.16374200,0
2026-01-04 03:35:00,3142.91,3146.01,3142.64,3144.72,262.8348,2026-01-04 03:39:59.999,826493.14038500,7674,160.04270000,503219.06046800,0
2026-01-04 03:40:00,3144.73,3148.22,3144.72,3147.8,632.9903,2026-01-04 03:44:59.999,1992213.41903800,5237,425.85710000,1340305.93296700,0
2026-01-04 03:45:00,3147.8,3150.5,3147.79,3148.97,414.4841,2026-01-04 03:49:59.999,1305257.04067300,8074,199.10760000,626982.56433600,0
2026-01-04 03:50:00,3148.96,3150.86,3148.27,3150.76,378.4818,2026-01-04 03:54:59.999,1192155.62209300,5630,250.04740000,787590.48753400,0
2026-01-04 03:55:00,3150.75,3150.75,3147.35,3147.36,521.5405,2026-01-04 03:59:59.999,1642745.24798400,6222,299.21670000,942494.57579700,0
2026-01-04 04:00:00,3147.36,3147.9,3146.16,3147.9,336.7367,2026-01-04 04:04:59.999,1059669.16643600,4757,198.14650000,623537.33474800,0
2026-01-04 04:05:00,3147.9,3150.02,3144.89,3146.83,358.2503,2026-01-04 04:09:59.999,1127691.76585500,6223,187.52850000,590359.45548900,0
2026-01-04 04:10:00,3146.83,3148.0,3146.0,3147.59,192.0108,2026-01-04 04:14:59.999,604264.44241000,4497,74.69710000,235087.89502700,0
2026-01-04 04:15:00,3147.59,3153.15,3147.58,3151.84,966.683,2026-01-04 04:19:59.999,3046725.44323300,8645,714.85820000,2253003.20448200,0
2026-01-04 04:20:00,3151.83,3155.51,3150.45,3152.09,900.3693,2026-01-04 04:24:59.999,2839244.79650700,11134,532.74370000,1679936.14146400,0
2026-01-04 04:25:00,3152.09,3152.09,3149.71,3150.07,283.8824,2026-01-04 04:29:59.999,894461.64853500,4695,143.18150000,451153.51068200,0
2026-01-04 04:30:00,3150.06,3154.99,3150.06,3152.46,327.8251,2026-01-04 04:34:59.999,1033552.27313700,7883,244.67940000,771376.97092400,0
2026-01-04 04:35:00,3152.46,3156.0,3152.46,3154.42,881.1569,2026-01-04 04:39:59.999,2779291.85808000,9039,559.89400000,1765875.93864100,0
2026-01-04 04:40:00,3154.43,3154.43,3152.46,3153.15,213.2299,2026-01-04 04:44:59.999,672365.27679400,3506,93.29370000,294147.23893400,0
2026-01-04 04:45:00,3153.15,3153.95,3151.18,3152.69,310.1963,2026-01-04 04:49:59.999,977929.54109600,5877,167.84960000,529146.65761500,0
2026-01-04 04:50:00,3152.68,3152.68,3147.99,3148.26,278.5401,2026-01-04 04:54:59.999,877351.51541000,4923,78.21770000,246337.88681100,0
2026-01-04 04:55:00,3148.26,3149.4,3147.84,3148.25,219.4074,2026-01-04 04:59:59.999,690775.84831300,2614,92.55430000,291376.53489000,0
2026-01-04 05:00:00,3148.26,3149.08,3144.48,3147.3,553.8655,2026-01-04 05:04:59.999,1742911.90264500,7795,144.41300000,454429.87138300,0
2026-01-04 05:05:00,3147.31,3149.55,3147.31,3148.8,289.213,2026-01-04 05:09:59.999,910585.84956000,6571,163.33870000,514283.79350800,0
2026-01-04 05:10:00,3148.8,3148.81,3147.39,3147.39,139.7185,2026-01-04 05:14:59.999,439819.41586700,2303,30.02490000,94511.88515500,0
2026-01-04 05:15:00,3147.39,3150.27,3146.7,3150.01,407.8246,2026-01-04 05:19:59.999,1284100.56524500,5698,207.96470000,654779.89848000,0
2026-01-04 05:20:00,3150.01,3151.19,3147.85,3150.39,644.732,2026-01-04 05:24:59.999,2030663.45199100,5911,409.53200000,1289826.22950400,0
2026-01-04 05:25:00,3150.39,3152.3,3149.64,3151.38,490.4031,2026-01-04 05:29:59.999,1545327.31947000,3136,307.35950000,968537.01437700,0
2026-01-04 05:30:00,3151.39,3152.01,3150.52,3151.18,263.1594,2026-01-04 05:34:59.999,829290.37369600,3311,68.41650000,215598.70646800,0
2026-01-04 05:35:00,3151.18,3151.18,3146.75,3147.04,316.7623,2026-01-04 05:39:59.999,997444.17571000,3482,69.49190000,218825.35811300,0
2026-01-04 05:40:00,3147.04,3147.43,3145.55,3147.42,466.9228,2026-01-04 05:44:59.999,1469089.52620900,3192,126.00810000,396495.29441500,0
2026-01-04 05:45:00,3147.42,3149.97,3147.22,3149.96,162.8387,2026-01-04 05:49:59.999,512684.80736100,2647,87.10010000,274243.13733300,0
2026-01-04 05:50:00,3149.97,3150.81,3148.87,3149.28,144.2613,2026-01-04 05:54:59.999,454402.03494700,3247,61.39040000,193372.47324300,0
2026-01-04 05:55:00,3149.28,3151.37,3148.87,3151.36,76.6563,2026-01-04 05:59:59.999,241487.87065900,2234,36.67810000,115561.59321500,0
2026-01-04 06:00:00,3151.36,3151.77,3149.57,3151.77,183.7776,2026-01-04 06:04:59.999,579073.98305400,4950,94.96320000,299229.97156500,0
2026-01-04 06:05:00,3151.77,3159.6,3151.02,3156.9,1259.2987,2026-01-04 06:09:59.999,3973398.93117800,18670,694.66960000,2192221.13911200,0
2026-01-04 06:10:00,3156.89,3158.59,3154.54,3154.55,970.3758,2026-01-04 06:14:59.999,3062679.21406900,8475,407.73950000,1286841.37390900,0
2026-01-04 06:15:00,3154.55,3155.48,3149.31,3153.92,788.084,2026-01-04 06:19:59.999,2484204.85311300,9162,254.67720000,802892.83298600,0
2026-01-04 06:20:00,3153.91,3163.19,3152.65,3155.88,3067.2187,2026-01-04 06:24:59.999,9682082.11460800,18165,1633.71900000,5157285.01266500,0
2026-01-04 06:25:00,3155.89,3156.05,3148.8,3149.77,1269.0995,2026-01-04 06:29:59.999,4000613.84677600,12151,296.44800000,934429.92903100,0
2026-01-04 06:30:00,3149.77,3152.34,3146.69,3147.66,867.2103,2026-01-04 06:34:59.999,2731271.11849000,13527,284.84490000,897299.05026800,0
2026-01-04 06:35:00,3147.66,3150.43,3147.05,3147.73,805.5084,2026-01-04 06:39:59.999,2536975.43698400,8752,646.49500000,2036287.17415700,0
2026-01-04 06:40:00,3147.73,3147.73,3140.62,3141.99,948.0158,2026-01-04 06:44:59.999,2980824.38598800,14989,218.41830000,686627.89731300,0
2026-01-04 06:45:00,3142.0,3146.24,3140.9,3142.03,1782.3905,2026-01-04 06:49:59.999,5604156.08809000,14786,1413.16020000,4443363.32243200,0
2026-01-04 06:50:00,3142.03,3145.47,3142.03,3144.75,533.7557,2026-01-04 06:54:59.999,1678526.22580000,7246,384.85490000,1210306.81441400,0
2026-01-04 06:55:00,3144.75,3144.75,3139.37,3140.0,774.684,2026-01-04 06:59:59.999,2433475.39881600,11453,217.71220000,683900.33202900,0
2026-01-04 07:00:00,3140.0,3144.02,3139.55,3143.75,421.7608,2026-01-04 07:04:59.999,1325318.76051800,9736,148.47010000,466461.26845700,0
2026-01-04 07:05:00,3143.76,3145.85,3141.99,3143.84,375.9906,2026-01-04 07:09:59.999,1182326.32387800,7906,167.98330000,528248.15940300,0
2026-01-04 07:10:00,3143.84,3145.92,3143.69,3143.81,278.4837,2026-01-04 07:14:59.999,875776.87841200,4815,168.35210000,529428.21790900,0
2026-01-04 07:15:00,3143.81,3144.81,3139.35,3141.49,5168.9549,2026-01-04 07:19:59.999,16233260.96342600,10250,3145.45210000,9876873.42535900,0
2026-01-04 07:20:00,3141.49,3141.5,3138.58,3138.58,2468.2371,2026-01-04 07:24:59.999,7750335.48467700,8670,1737.69990000,5456322.71613800,0
2026-01-04 07:25:00,3138.59,3140.82,3133.57,3139.83,1445.2447,2026-01-04 07:29:59.999,4533704.41276300,13974,453.43970000,1422709.92153600,0
2026-01-04 07:30:00,3139.83,3142.0,3137.11,3137.83,1880.0052,2026-01-04 07:34:59.999,5900664.87862900,7577,337.17500000,1058623.47738700,0
2026-01-04 07:35:00,3137.83,3143.34,3136.4,3140.01,3265.9704,2026-01-04 07:39:59.999,10258120.77170000,13969,2603.61070000,8177844.02386900,0
2026-01-04 07:40:00,3140.02,3143.56,3140.02,3143.25,375.4231,2026-01-04 07:44:59.999,1179827.56401600,4129,250.16510000,786227.74977400,0
2026-01-04 07:45:00,3143.25,3143.25,3140.81,3142.25,399.6375,2026-01-04 07:49:59.999,1255741.61560000,5706,160.85950000,505441.06071600,0
2026-01-04 07:50:00,3142.24,3144.0,3140.03,3140.04,414.8893,2026-01-04 07:54:59.999,1303731.67232100,6963,180.79050000,568152.12525500,0
2026-01-04 07:55:00,3140.03,3141.66,3140.03,3141.29,195.973,2026-01-04 07:59:59.999,615588.47887300,3432,66.74930000,209658.88707500,0
2026-01-04 08:00:00,3141.29,3141.98,3126.0,3129.27,3640.6431,2026-01-04 08:04:59.999,11397363.56647100,23906,1433.48860000,4486290.97045300,0
2026-01-04 08:05:00,3129.28,3133.78,3128.99,3133.76,681.7943,2026-01-04 08:09:59.999,2135111.10767800,10490,504.36140000,1579558.77076600,0
2026-01-04 08:10:00,3133.76,3135.33,3132.51,3133.75,369.2636,2026-01-04 08:14:59.999,1157274.34821400,6993,113.02540000,354220.17503500,0
2026-01-04 08:15:00,3133.75,3137.13,3132.04,3134.67,308.2333,2026-01-04 08:19:59.999,966184.95105100,10815,192.06990000,602040.43793900,0
2026-01-04 08:20:00,3134.66,3137.32,3134.42,3134.42,162.0643,2026-01-04 08:24:59.999,508192.67752300,6783,84.49250000,264941.40892500,0
2026-01-04 08:25:00,3134.42,3134.49,3129.57,3133.48,673.31,2026-01-04 08:29:59.999,2109074.88793600,11003,363.87040000,1139759.63390400,0
2026-01-04 08:30:00,3133.47,3136.51,3133.0,3136.43,891.5835,2026-01-04 08:34:59.999,2795243.34992400,7295,295.29610000,925737.19750000,0
2026-01-04 08:35:00,3136.43,3137.7,3135.76,3136.0,302.5277,2026-01-04 08:39:59.999,948935.77176500,5733,198.80850000,623573.90045400,0
2026-01-04 08:40:00,3136.0,3139.31,3134.8,3138.52,484.3562,2026-01-04 08:44:59.999,1519478.49001600,8966,336.41080000,1055351.98586300,0
2026-01-04 08:45:00,3138.52,3139.44,3136.93,3139.17,257.8096,2026-01-04 08:49:59.999,809099.30354500,7777,118.18440000,370916.33086300,0
2026-01-04 08:50:00,3139.17,3140.26,3137.03,3137.72,523.5891,2026-01-04 08:54:59.999,1643143.57398400,6884,281.76060000,884233.51127800,0
2026-01-04 08:55:00,3137.73,3139.91,3137.72,3138.61,152.8324,2026-01-04 08:59:59.999,479672.83711900,5089,93.82500000,294474.30353700,0
2026-01-04 09:00:00,3138.62,3140.0,3136.49,3137.91,267.3792,2026-01-04 09:04:59.999,839064.47952600,8244,140.98330000,442427.36651700,0
2026-01-04 09:05:00,3137.9,3138.2,3134.9,3136.18,227.5801,2026-01-04 09:09:59.999,713713.71899000,5654,60.44370000,189559.11835100,0
2026-01-04 09:10:00,3136.18,3137.76,3134.95,3137.75,201.3887,2026-01-04 09:14:59.999,631483.18609200,6686,109.28690000,342681.04523500,0
2026-01-04 09:15:00,3137.76,3143.86,3137.44,3143.86,480.0562,2026-01-04 09:19:59.999,1507452.26099000,10413,322.65760000,1013231.67286800,0
2026-01-04 09:20:00,3143.85,3148.0,3135.16,3135.76,2395.5348,2026-01-04 09:24:59.999,7523817.57639900,16348,800.73940000,2516173.31345700,0
2026-01-04 09:25:00,3135.76,3138.52,3135.46,3135.92,1893.6089,2026-01-04 09:29:59.999,5939782.78476400,10303,379.11240000,1189185.09916600,0
2026-01-04 09:30:00,3135.92,3141.35,3135.92,3140.38,643.0927,2026-01-04 09:34:59.999,2018712.71070000,7549,420.88100000,1321236.87587500,0
2026-01-04 09:35:00,3140.38,3142.38,3140.33,3142.38,159.5837,2026-01-04 09:39:59.999,501267.39793700,4514,102.66810000,322481.71323800,0
2026-01-04 09:40:00,3142.37,3143.61,3141.51,3143.16,198.7204,2026-01-04 09:44:59.999,624495.09000600,6593,70.68600000,222116.58645600,0
2026-01-04 09:45:00,3143.15,3144.89,3141.64,3143.51,394.1873,2026-01-04 09:49:59.999,1239036.27023200,7568,175.14220000,550483.41642200,0
2026-01-04 09:50:00,3143.51,3144.89,3141.22,3142.28,1136.9787,2026-01-04 09:54:59.999,3573714.96811300,6015,180.07680000,566099.82266900,0
2026-01-04 09:55:00,3142.27,3145.38,3141.99,3143.78,279.7675,2026-01-04 09:59:59.999,879694.62982100,7177,116.53630000,366376.31929100,0
2026-01-04 10:00:00,3143.79,3146.31,3143.02,3144.8,385.2995,2026-01-04 10:04:59.999,1211775.82873200,9175,206.41320000,649167.89783500,0
2026-01-04 10:05:00,3144.81,3146.18,3144.25,3145.54,157.0136,2026-01-04 10:09:59.999,493883.56819200,3725,113.18170000,356003.91206400,0
2026-01-04 10:10:00,3145.55,3148.3,3145.5,3146.64,287.0013,2026-01-04 10:14:59.999,903163.77904100,7112,145.90490000,459163.59885200,0
2026-01-04 10:15:00,3146.64,3146.94,3143.2,3145.28,239.0345,2026-01-04 10:19:59.999,751681.99448000,8079,74.99250000,235814.17971300,0
2026-01-04 10:20:00,3145.28,3146.78,3143.54,3143.97,308.332,2026-01-04 10:24:59.999,969790.58581400,6222,157.92580000,496647.67357600,0
2026-01-04 10:25:00,3143.97,3144.19,3142.66,3143.55,220.1952,2026-01-04 10:29:59.999,692216.08650400,5403,112.47030000,353564.34134400,0
2026-01-04 10:30:00,3143.54,3146.0,3142.81,3145.0,329.5414,2026-01-04 10:34:59.999,1036406.51637900,6942,106.53200000,335008.12677200,0
2026-01-04 10:35:00,3144.99,3145.31,3142.7,3144.19,237.7003,2026-01-04 10:39:59.999,747350.14352100,5297,95.21370000,299321.16323500,0
2026-01-04 10:40:00,3144.19,3146.87,3144.07,3146.87,153.6824,2026-01-04 10:44:59.999,483328.54735600,4365,99.53060000,313036.42598100,0
2026-01-04 10:45:00,3146.88,3147.39,3145.32,3145.9,273.7115,2026-01-04 10:49:59.999,861212.81768800,5964,84.58390000,266125.31751100,0
2026-01-04 10:50:00,3145.91,3146.77,3145.17,3145.84,558.8456,2026-01-04 10:54:59.999,1758149.03352400,6054,292.60640000,920593.11942200,0
2026-01-04 10:55:00,3145.85,3146.63,3145.02,3146.34,274.3387,2026-01-04 10:59:59.999,862990.48504800,7259,121.80000000,383157.20630300,0
2026-01-04 11:00:00,3146.34,3146.34,3141.36,3141.88,672.1211,2026-01-04 11:04:59.999,2113278.18199700,16057,236.00190000,742210.04959700,0
2026-01-04 11:05:00,3141.89,3142.5,3141.06,3141.06,404.3462,2026-01-04 11:09:59.999,1270409.56153600,15085,186.31460000,585368.63087500,0
2026-01-04 11:10:00,3141.07,3144.02,3140.41,3140.99,423.1456,2026-01-04 11:14:59.999,1329441.51158000,12992,200.63410000,630257.87560900,0
2026-01-04 11:15:00,3140.99,3142.75,3140.41,3141.37,256.0025,2026-01-04 11:19:59.999,804221.98446700,8637,105.30010000,330803.46540200,0
2026-01-04 11:20:00,3141.37,3141.92,3140.25,3140.25,207.4878,2026-01-04 11:24:59.999,651752.83051800,6888,98.52580000,309494.07070500,0
2026-01-04 11:25:00,3140.26,3140.55,3139.21,3140.14,264.797,2026-01-04 11:29:59.999,831438.09834100,3678,59.60040000,187139.37605600,0
2026-01-04 11:30:00,3140.14,3142.0,3139.12,3139.13,254.9013,2026-01-04 11:34:59.999,800559.24107500,8203,81.50360000,255967.11347600,0
2026-01-04 11:35:00,3139.13,3139.74,3136.89,3136.9,327.1431,2026-01-04 11:39:59.999,1026598.91609100,7297,125.62540000,394285.37421300,0
2026-01-04 11:40:00,3136.9,3139.11,3135.88,3138.86,695.662,2026-01-04 11:44:59.999,2182287.06558200,6003,255.01420000,800158.10820300,0
2026-01-04 11:45:00,3138.86,3139.59,3138.22,3139.54,236.2371,2026-01-04 11:49:59.999,741483.93351800,4567,147.41110000,462673.67061600,0
2026-01-04 11:50:00,3139.54,3139.54,3135.32,3136.79,999.3673,2026-01-04 11:54:59.999,3135214.89935300,9173,233.61570000,732776.03246400,0
2026-01-04 11:55:00,3136.8,3139.55,3136.79,3139.54,433.6492,2026-01-04 11:59:59.999,1360790.03398600,3762,261.30520000,819970.20835700,0
2026-01-04 12:00:00,3139.55,3140.9,3138.23,3138.36,852.0404,2026-01-04 12:04:59.999,2674725.55181300,9121,395.68810000,1242277.52164900,0
2026-01-04 12:05:00,3138.35,3138.36,3135.32,3135.88,628.4379,2026-01-04 12:09:59.999,1971305.19225900,5759,99.28580000,311435.52833300,0
2026-01-04 12:10:00,3135.89,3138.5,3135.32,3138.1,451.1095,2026-01-04 12:14:59.999,1415061.63726200,6935,327.96280000,1028719.50305500,0
2026-01-04 12:15:00,3138.09,3138.4,3137.4,3138.13,154.9489,2026-01-04 12:19:59.999,486247.02519600,4664,86.34410000,270958.82851700,0
2026-01-04 12:20:00,3138.14,3140.83,3138.13,3140.83,357.8298,2026-01-04 12:24:59.999,1123356.66393800,10866,209.03800000,656215.66962000,0
2026-01-04 12:25:00,3140.83,3144.72,3140.82,3144.56,651.4395,2026-01-04 12:29:59.999,2047981.04350700,6813,500.27580000,1572749.99711500,0
2026-01-04 12:30:00,3144.55,3147.26,3142.07,3142.54,486.6772,2026-01-04 12:34:59.999,1530416.14183700,15474,195.31890000,614186.47887800,0
2026-01-04 12:35:00,3142.54,3142.76,3138.4,3139.43,459.116,2026-01-04 12:39:59.999,1441684.61800300,10281,110.88120000,348170.48657300,0
2026-01-04 12:40:00,3139.44,3139.78,3134.22,3134.23,737.2053,2026-01-04 12:44:59.999,2312667.04203500,6854,161.02980000,505181.82666400,0
2026-01-04 12:45:00,3134.23,3137.17,3133.59,3136.8,702.007,2026-01-04 12:49:59.999,2201403.43920000,9960,426.16920000,1336471.52745600,0
2026-01-04 12:50:00,3136.8,3137.63,3135.22,3137.62,381.6293,2026-01-04 12:54:59.999,1197088.21435000,4692,277.07560000,869155.67960800,0
2026-01-04 12:55:00,3137.63,3137.63,3136.0,3136.8,182.1822,2026-01-04 12:59:59.999,571458.55621700,4156,65.32230000,204880.96742700,0
2026-01-04 13:00:00,3136.81,3136.81,3134.35,3135.85,396.6827,2026-01-04 13:04:59.999,1243764.91744200,7451,170.67370000,535027.07049400,0
2026-01-04 13:05:00,3135.85,3139.29,3134.13,3138.28,369.6317,2026-01-04 13:09:59.999,1159602.58287800,9860,155.16730000,486730.75704400,0
2026-01-04 13:10:00,3138.28,3139.84,3138.28,3138.44,240.1501,2026-01-04 13:14:59.999,753850.95986800,3800,113.87950000,357482.35382700,0
2026-01-04 13:15:00,3138.44,3138.45,3131.8,3134.62,578.5365,2026-01-04 13:19:59.999,1813467.31772900,10351,138.79430000,434987.62121400,0
2026-01-04 13:20:00,3134.62,3136.83,3132.21,3136.27,644.7099,2026-01-04 13:24:59.999,2021243.40425200,7718,370.86110000,1162877.48913100,0
2026-01-04 13:25:00,3136.28,3139.44,3136.27,3138.89,371.864,2026-01-04 13:29:59.999,1166914.56350800,5742,237.23860000,744430.97491100,0
2026-01-04 13:30:00,3138.9,3141.51,3137.33,3139.94,543.841,2026-01-04 13:34:59.999,1707193.07485100,8514,328.53110000,1031318.87505600,0
2026-01-04 13:35:00,3139.95,3140.1,3136.16,3136.16,397.2422,2026-01-04 13:39:59.999,1246900.55102800,8586,221.10600000,694131.03224800,0
2026-01-04 13:40:00,3136.16,3138.11,3135.56,3137.74,247.348,2026-01-04 13:44:59.999,776005.45339700,5366,147.18380000,461751.34674700,0
2026-01-04 13:45:00,3137.75,3138.86,3137.49,3137.82,327.1065,2026-01-04 13:49:59.999,1026499.45271500,4702,185.50900000,582122.62002900,0
2026-01-04 13:50:00,3137.82,3140.08,3137.53,3140.08,136.7028,2026-01-04 13:54:59.999,429058.07331700,3243,72.25630000,226791.54889200,0
2026-01-04 13:55:00,3140.08,3140.76,3139.5,3140.76,344.58,2026-01-04 13:59:59.999,1082104.12797700,2711,216.80870000,680882.15486600,0
2026-01-04 14:00:00,3140.75,3141.5,3138.27,3138.27,789.8648,2026-01-04 14:04:59.999,2480087.33775600,9128,569.98630000,1789669.95680000,0
2026-01-04 14:05:00,3138.27,3142.03,3137.52,3140.93,906.6893,2026-01-04 14:09:59.999,2846624.25100800,7880,562.07520000,1764718.16785200,0
2026-01-04 14:10:00,3140.93,3143.3,3140.93,3142.3,528.486,2026-01-04 14:14:59.999,1660801.62617900,6535,152.32100000,478674.28482400,0
2026-01-04 14:15:00,3142.3,3142.49,3138.23,3138.5,430.0051,2026-01-04 14:19:59.999,1350189.72754400,7054,199.61650000,626764.15109700,0
2026-01-04 14:20:00,3138.5,3139.34,3137.55,3138.18,243.1415,2026-01-04 14:24:59.999,763111.12697100,5682,81.73210000,256502.90955900,0
2026-01-04 14:25:00,3138.19,3138.38,3134.0,3136.91,882.6824,2026-01-04 14:29:59.999,2768203.38861800,8137,308.91790000,968632.56992700,0
2026-01-04 14:30:00,3136.91,3138.03,3132.0,3132.72,451.7121,2026-01-04 14:34:59.999,1416028.00940200,9694,163.69500000,513297.73560200,0
2026-01-04 14:35:00,3132.73,3136.67,3132.7,3134.51,480.7972,2026-01-04 14:39:59.999,1507146.40487600,7969,240.39890000,753524.91588700,0
2026-01-04 14:40:00,3134.51,3135.91,3134.22,3134.94,351.5498,2026-01-04 14:44:59.999,1102074.16245100,5891,142.15310000,445623.59442700,0
2026-01-04 14:45:00,3134.94,3136.03,3132.16,3135.84,758.759,2026-01-04 14:49:59.999,2377866.97177200,8002,264.10390000,827650.40282700,0
2026-01-04 14:50:00,3135.84,3138.77,3135.83,3138.27,265.9175,2026-01-04 14:54:59.999,834339.77021100,7346,154.86870000,485867.82483400,0
2026-01-04 14:55:00,3138.27,3138.71,3136.89,3137.26,435.3043,2026-01-04 14:59:59.999,1365875.20195700,4992,183.75690000,576585.99712500,0
2026-01-04 15:00:00,3137.25,3139.6,3136.11,3136.95,444.0943,2026-01-04 15:04:59.999,1393623.30659600,10507,188.72670000,592296.87252400,0
2026-01-04 15:05:00,3136.95,3138.81,3136.37,3138.14,340.3055,2026-01-04 15:09:59.999,1067822.28936200,6534,212.18590000,665811.48036400,0
2026-01-04 15:10:00,3138.15,3139.36,3137.98,3138.97,236.954,2026-01-04 15:14:59.999,743702.16274800,4251,134.65310000,422612.82724100,0
2026-01-04 15:15:00,3138.97,3138.97,3136.53,3137.32,297.6352,2026-01-04 15:19:59.999,933848.44991500,6688,90.75260000,284738.65400900,0
2026-01-04 15:20:00,3137.32,3138.2,3136.19,3136.2,216.5822,2026-01-04 15:24:59.999,679430.20006400,4023,70.17180000,220129.77130300,0
2026-01-04 15:25:00,3136.19,3136.62,3135.32,3136.62,184.8069,2026-01-04 15:29:59.999,579552.79544500,2704,112.32890000,352262.00395300,0
2026-01-04 15:30:00,3136.62,3137.42,3135.44,3135.89,341.124,2026-01-04 15:34:59.999,1069914.39790200,5485,146.46930000,459400.61434500,0
2026-01-04 15:35:00,3135.9,3136.34,3128.77,3131.0,922.9523,2026-01-04 15:39:59.999,2890096.70455100,12138,211.26410000,661460.26017700,0
2026-01-04 15:40:00,3131.0,3132.61,3130.83,3131.21,575.3764,2026-01-04 15:44:59.999,1801886.41651600,4201,391.86260000,1227138.81074800,0
2026-01-04 15:45:00,3131.21,3131.22,3118.75,3128.39,3235.5813,2026-01-04 15:49:59.999,10105855.94599300,31525,1220.56020000,3810992.99100700,0
2026-01-04 15:50:00,3128.4,3134.33,3126.48,3132.52,959.3909,2026-01-04 15:54:59.999,3004023.95077300,12746,512.64050000,1605110.35107000,0
2026-01-04 15:55:00,3132.51,3135.55,3131.79,3135.55,648.3232,2026-01-04 15:59:59.999,2031667.73939600,7795,427.77510000,1340516.12322500,0
2026-01-04 16:00:00,3135.55,3139.84,3133.5,3136.91,833.8044,2026-01-04 16:04:59.999,2615802.31749900,16573,452.11970000,1418457.07061100,0
2026-01-04 16:05:00,3136.91,3139.97,3131.76,3134.87,926.2812,2026-01-04 16:09:59.999,2904747.36441900,15403,324.98440000,1019256.81717800,0
2026-01-04 16:10:00,3134.87,3135.19,3132.68,3133.44,405.6885,2026-01-04 16:14:59.999,1271321.92349200,5958,191.29870000,599521.04024600,0
2026-01-04 16:15:00,3133.43,3135.28,3131.03,3132.2,316.3732,2026-01-04 16:19:59.999,991290.38128000,7612,177.65050000,556670.87955900,0
2026-01-04 16:20:00,3132.19,3135.95,3131.5,3134.2,309.7171,2026-01-04 16:24:59.999,970602.87686900,6403,187.80530000,588592.85219500,0
2026-01-04 16:25:00,3134.2,3134.2,3132.07,3133.11,255.77,2026-01-04 16:29:59.999,801319.83805400,4810,64.02720000,200583.28516700,0
2026-01-04 16:30:00,3133.12,3139.1,3131.74,3139.0,450.0959,2026-01-04 16:34:59.999,1410823.94513400,6788,260.29090000,816024.49585400,0
2026-01-04 16:35:00,3139.01,3139.88,3135.69,3137.48,588.4974,2026-01-04 16:39:59.999,1846586.58310500,11091,400.03910000,1255166.84674800,0
2026-01-04 16:40:00,3137.48,3137.96,3135.72,3136.11,153.301,2026-01-04 16:44:59.999,480874.24362000,2676,33.38000000,104703.30040100,0
2026-01-04 16:45:00,3136.11,3139.26,3136.11,3137.5,216.3271,2026-01-04 16:49:59.999,678872.43638700,5869,130.22000000,408628.94160400,0
2026-01-04 16:50:00,3137.49,3138.09,3136.59,3138.09,115.0677,2026-01-04 16:54:59.999,360994.50335900,1960,79.47080000,249316.14421900,0
2026-01-04 16:55:00,3138.09,3139.44,3137.5,3139.11,182.1077,2026-01-04 16:59:59.999,571572.33520500,3324,114.45300000,359236.24968000,0
2026-01-04 17:00:00,3139.12,3143.6,3138.75,3139.78,896.376,2026-01-04 17:04:59.999,2817032.05326300,10940,330.10830000,1037194.82011000,0
2026-01-04 17:05:00,3139.79,3141.28,3139.43,3139.88,201.8926,2026-01-04 17:09:59.999,634027.27146400,6231,96.74260000,303808.43807300,0
2026-01-04 17:10:00,3139.89,3140.11,3136.66,3136.8,437.2525,2026-01-04 17:14:59.999,1372332.78453000,4871,206.95440000,649474.44303700,0
2026-01-04 17:15:00,3136.81,3138.49,3135.68,3136.65,177.2697,2026-01-04 17:19:59.999,556047.65406300,4562,104.17060000,326761.23735900,0
2026-01-04 17:20:00,3136.65,3140.77,3136.04,3139.09,148.1535,2026-01-04 17:24:59.999,465058.89858200,5242,84.80430000,266175.13216800,0
2026-01-04 17:25:00,3139.09,3139.61,3137.01,3137.73,180.0254,2026-01-04 17:29:59.999,564873.16656500,3758,89.90560000,282106.71093500,0
2026-01-04 17:30:00,3137.74,3140.48,3137.73,3139.9,223.4353,2026-01-04 17:34:59.999,701396.27324300,2999,169.03480000,530643.73324100,0
2026-01-04 17:35:00,3139.91,3142.01,3139.9,3140.87,209.6088,2026-01-04 17:39:59.999,658355.64951000,4498,105.30980000,330762.22936600,0
2026-01-04 17:40:00,3140.87,3140.88,3137.99,3138.46,266.9552,2026-01-04 17:44:59.999,837978.11690900,3483,128.53910000,403515.34500900,0
2026-01-04 17:45:00,3138.45,3141.36,3138.45,3140.77,224.9295,2026-01-04 17:49:59.999,706261.09670600,5768,129.66280000,407133.92769100,0
2026-01-04 17:50:00,3140.76,3141.36,3137.89,3137.89,464.2459,2026-01-04 17:54:59.999,1458055.95142500,3937,66.72660000,209513.14048100,0
2026-01-04 17:55:00,3137.89,3137.9,3136.55,3137.5,109.9347,2026-01-04 17:59:59.999,344887.74044900,2233,42.54810000,133480.28566000,0
2026-01-04 18:00:00,3137.49,3137.88,3134.54,3134.99,294.4173,2026-01-04 18:04:59.999,923301.65172700,5499,77.37000000,242602.37103900,0
2026-01-04 18:05:00,3134.99,3134.99,3133.05,3134.34,173.7024,2026-01-04 18:09:59.999,544341.57196600,4243,61.45410000,192576.82028700,0
2026-01-04 18:10:00,3134.34,3134.34,3131.63,3132.41,283.1298,2026-01-04 18:14:59.999,886810.62841000,3433,81.02640000,253769.15875200,0
2026-01-04 18:15:00,3132.42,3132.78,3128.89,3128.9,236.3564,2026-01-04 18:19:59.999,739937.45319600,5676,80.34360000,251493.64264200,0
2026-01-04 18:20:00,3128.89,3130.79,3126.24,3130.46,798.8636,2026-01-04 18:24:59.999,2499500.64607900,7603,325.60620000,1018857.77842000,0
2026-01-04 18:25:00,3130.45,3130.97,3129.39,3130.08,269.0479,2026-01-04 18:29:59.999,842122.95535300,2921,125.77550000,393683.12312800,0
2026-01-04 18:30:00,3130.07,3131.86,3127.21,3130.84,707.4182,2026-01-04 18:34:59.999,2213759.50529600,10387,482.54030000,1510033.27509900,0
2026-01-04 18:35:00,3130.84,3131.86,3123.01,3129.96,817.4607,2026-01-04 18:39:59.999,2555909.78844800,15004,339.30300000,1060919.75529500,0
2026-01-04 18:40:00,3129.96,3133.88,3127.91,3133.84,383.9411,2026-01-04 18:44:59.999,1202157.72130300,7568,290.07750000,908277.70708700,0
2026-01-04 18:45:00,3133.85,3134.9,3131.82,3133.24,492.0036,2026-01-04 18:49:59.999,1541559.86584700,5633,367.17830000,1150413.11361400,0
2026-01-04 18:50:00,3133.24,3133.9,3132.04,3132.56,377.8053,2026-01-04 18:54:59.999,1183721.52824100,2954,233.68240000,732122.76210500,0
2026-01-04 18:55:00,3132.56,3135.6,3132.56,3135.03,327.0295,2026-01-04 18:59:59.999,1024956.12535700,3278,255.51010000,800809.57668600,0
2026-01-04 19:00:00,3135.04,3135.04,3128.64,3129.45,812.3192,2026-01-04 19:04:59.999,2544630.31260600,7789,477.57020000,1495995.19060900,0
2026-01-04 19:05:00,3129.45,3129.45,3118.98,3123.0,2075.059,2026-01-04 19:09:59.999,6480346.88288100,24647,1078.71490000,3369150.35961800,0
2026-01-04 19:10:00,3123.0,3127.47,3122.14,3126.79,1024.8058,2026-01-04 19:14:59.999,3202708.34137700,12162,707.12350000,2209914.85881600,0
2026-01-04 19:15:00,3126.78,3129.87,3126.03,3128.15,793.0265,2026-01-04 19:19:59.999,2481184.64419600,6949,615.66860000,1926302.24618300,0
2026-01-04 19:20:00,3128.16,3134.41,3128.16,3131.09,849.6771,2026-01-04 19:24:59.999,2661343.71914800,10228,533.81690000,1672069.59613700,0
2026-01-04 19:25:00,3131.08,3131.56,3129.09,3131.3,218.4267,2026-01-04 19:29:59.999,683846.51901900,3479,189.33840000,592780.66364900,0
2026-01-04 19:30:00,3131.3,3133.32,3130.79,3132.36,298.3923,2026-01-04 19:34:59.999,934567.56411800,3526,226.06240000,707976.53811700,0
2026-01-04 19:35:00,3132.36,3133.71,3130.2,3131.13,449.7232,2026-01-04 19:39:59.999,1408599.81989500,4035,326.35920000,1022290.87883000,0
2026-01-04 19:40:00,3131.13,3131.9,3128.3,3128.73,519.2184,2026-01-04 19:44:59.999,1625104.87707100,3781,268.63920000,840838.03960000,0
2026-01-04 19:45:00,3128.73,3132.63,3128.73,3132.62,812.5137,2026-01-04 19:49:59.999,2544203.74300600,3199,713.72060000,2234894.48864400,0
2026-01-04 19:50:00,3132.61,3132.62,3130.29,3132.05,311.3866,2026-01-04 19:54:59.999,975080.21589700,2175,245.83660000,769825.03383100,0
2026-01-04 19:55:00,3132.06,3135.14,3132.05,3132.72,437.5248,2026-01-04 19:59:59.999,1371086.70798400,3956,320.28260000,1003630.10721600,0
2026-01-04 20:00:00,3132.72,3133.57,3130.85,3132.5,253.0571,2026-01-04 20:04:59.999,792579.29699700,4318,136.58450000,427771.91340800,0
2026-01-04 20:05:00,3132.5,3137.87,3132.49,3135.6,373.2917,2026-01-04 20:09:59.999,1170614.77295000,5587,238.86270000,748988.13109900,0
2026-01-04 20:10:00,3135.61,3139.44,3135.61,3138.7,346.7535,2026-01-04 20:14:59.999,1088214.52769700,4070,248.00390000,778287.32565800,0
2026-01-04 20:15:00,3138.7,3139.31,3137.31,3137.32,94.1573,2026-01-04 20:19:59.999,295499.11234700,2746,41.57040000,130466.10412600,0
2026-01-04 20:20:00,3137.32,3138.09,3137.31,3138.08,43.245,2026-01-04 20:24:59.999,135688.22143600,1366,27.46150000,86163.69834100,0
2026-01-04 20:25:00,3138.09,3140.22,3138.08,3139.92,281.6518,2026-01-04 20:29:59.999,884201.88701000,2631,229.36890000,720046.84010500,0
2026-01-04 20:30:00,3139.92,3140.11,3137.19,3138.24,128.6973,2026-01-04 20:34:59.999,403945.84242900,3285,56.10420000,176102.19530000,0
2026-01-04 20:35:00,3138.23,3140.89,3138.23,3140.06,199.7368,2026-01-04 20:39:59.999,627196.45452700,3090,73.45110000,230638.66564500,0
2026-01-04 20:40:00,3140.05,3143.0,3139.22,3139.23,572.2769,2026-01-04 20:44:59.999,1797648.85016500,4088,483.38820000,1518451.60226100,0
2026-01-04 20:45:00,3139.22,3140.0,3138.14,3139.42,119.0065,2026-01-04 20:49:59.999,373562.17125400,2750,59.27130000,186059.01784700,0
2026-01-04 20:50:00,3139.43,3142.3,3139.43,3141.74,217.1435,2026-01-04 20:54:59.999,682172.31107200,3512,103.31130000,324538.57992600,0
2026-01-04 20:55:00,3141.73,3142.09,3140.57,3142.09,320.649,2026-01-04 20:59:59.999,1007303.87853300,3035,231.55060000,727392.50806100,0
2026-01-04 21:00:00,3142.09,3143.0,3139.64,3142.99,358.642,2026-01-04 21:04:59.999,1126458.29919600,6684,175.06500000,549803.14362100,0
2026-01-04 21:05:00,3142.98,3145.76,3142.63,3144.49,881.4006,2026-01-04 21:09:59.999,2771381.11333900,7115,560.77770000,1763344.74500100,0
2026-01-04 21:10:00,3144.5,3155.85,3144.25,3149.37,3243.5971,2026-01-04 21:14:59.999,10217924.26230400,18117,1857.25180000,5850262.09309300,0
2026-01-04 21:15:00,3149.37,3150.75,3145.69,3146.84,453.7551,2026-01-04 21:19:59.999,1428379.41977200,7968,193.66480000,609644.29758600,0
2026-01-04 21:20:00,3146.84,3147.62,3144.68,3144.68,513.4154,2026-01-04 21:24:59.999,1615307.74406100,3482,167.64730000,527397.64157000,0
2026-01-04 21:25:00,3144.68,3146.2,3141.91,3141.91,533.1777,2026-01-04 21:29:59.999,1676484.22309100,3606,197.99350000,622568.38769300,0
2026-01-04 21:30:00,3141.92,3145.91,3141.91,3145.91,290.2201,2026-01-04 21:34:59.999,912360.53103100,3534,196.05800000,616316.93223900,0
2026-01-04 21:35:00,3145.91,3146.58,3142.3,3142.31,181.0532,2026-01-04 21:39:59.999,569438.79337100,3956,38.47630000,121029.39894900,0
2026-01-04 21:40:00,3142.31,3142.31,3138.17,3138.86,453.5948,2026-01-04 21:44:59.999,1424211.27938400,4838,146.17660000,458984.73145100,0
2026-01-04 21:45:00,3138.87,3140.0,3137.75,3137.99,178.5917,2026-01-04 21:49:59.999,560528.70150800,3670,69.92160000,219442.26399400,0
2026-01-04 21:50:00,3137.98,3144.84,3137.75,3143.9,519.0799,2026-01-04 21:54:59.999,1630776.36818800,3349,446.25000000,1401924.58787500,0
2026-01-04 21:55:00,3143.89,3145.45,3143.89,3145.44,155.4129,2026-01-04 21:59:59.999,488701.24078100,1231,114.18920000,359072.72457900,0
2026-01-04 22:00:00,3145.44,3149.78,3143.24,3149.7,428.2404,2026-01-04 22:04:59.999,1347558.68379700,6225,285.65620000,899007.69132900,0
2026-01-04 22:05:00,3149.69,3150.36,3146.49,3148.93,236.3661,2026-01-04 22:09:59.999,744247.02080700,3220,100.99760000,317983.89341700,0
2026-01-04 22:10:00,3148.92,3148.93,3137.79,3141.11,835.0116,2026-01-04 22:14:59.999,2624044.38802600,6732,281.29600000,883577.53193100,0
2026-01-04 22:15:00,3141.1,3143.38,3136.89,3143.0,551.9232,2026-01-04 22:19:59.999,1733122.66662400,5824,396.24740000,1244233.77546600,0
2026-01-04 22:20:00,3143.01,3143.38,3140.0,3140.01,191.4945,2026-01-04 22:24:59.999,601731.21793600,1759,103.41210000,324929.63627600,0
2026-01-04 22:25:00,3140.01,3141.76,3139.92,3141.32,186.6638,2026-01-04 22:29:59.999,586210.39506600,1752,121.46880000,381445.07336600,0
2026-01-04 22:30:00,3141.32,3142.0,3139.69,3139.69,91.9396,2026-01-04 22:34:59.999,288770.42453500,1128,26.76210000,84058.18235300,0
2026-01-04 22:35:00,3139.69,3139.7,3137.99,3137.99,430.121,2026-01-04 22:39:59.999,1350060.72980900,1277,162.86620000,511166.51843000,0
2026-01-04 22:40:00,3138.0,3138.51,3137.0,3137.07,592.591,2026-01-04 22:44:59.999,1859560.51094600,1678,523.83870000,1643814.31430100,0
2026-01-04 22:45:00,3137.06,3140.5,3137.06,3139.65,304.2735,2026-01-04 22:49:59.999,955054.62998700,2391,212.21810000,666047.90433400,0
2026-01-04 22:50:00,3139.64,3139.98,3136.44,3137.69,178.3076,2026-01-04 22:54:59.999,559587.33677300,2428,83.94240000,263428.58631100,0
2026-01-04 22:55:00,3137.69,3141.4,3136.44,3139.37,208.2878,2026-01-04 22:59:59.999,653804.84187500,3685,116.52170000,365775.57537500,0
2026-01-04 23:00:00,3139.37,3153.7,3139.37,3149.85,1188.7761,2026-01-04 23:04:59.999,3743367.57468800,20531,749.84790000,2360940.68454700,0
2026-01-04 23:05:00,3149.86,3151.38,3145.3,3146.34,450.2958,2026-01-04 23:09:59.999,1417734.38779500,11054,143.48660000,451790.20420600,0
2026-01-04 23:10:00,3146.35,3148.97,3137.44,3139.43,990.7643,2026-01-04 23:14:59.999,3113137.41953300,9919,204.67730000,643348.30712200,0
2026-01-04 23:15:00,3139.44,3141.97,3136.41,3141.97,450.3835,2026-01-04 23:19:59.999,1413994.84648000,8833,207.49640000,651528.58593900,0
2026-01-04 23:20:00,3141.97,3148.2,3140.98,3144.03,496.0086,2026-01-04 23:24:59.999,1559738.20092100,9604,305.50670000,960546.63933000,0
2026-01-04 23:25:00,3144.03,3148.26,3140.86,3142.96,424.2998,2026-01-04 23:29:59.999,1334230.76874100,11090,174.57330000,548969.98228700,0
2026-01-04 23:30:00,3142.96,3143.86,3140.17,3143.38,334.3942,2026-01-04 23:34:59.999,1050799.39042500,10557,159.72220000,501932.00017800,0
2026-01-04 23:35:00,3143.39,3144.89,3138.0,3141.99,473.9948,2026-01-04 23:39:59.999,1488933.50866200,7888,172.56100000,541971.79981900,0
2026-01-04 23:40:00,3142.0,3142.07,3138.44,3138.94,238.0113,2026-01-04 23:44:59.999,747311.26862100,5215,81.39960000,255541.84862900,0
2026-01-04 23:45:00,3138.95,3140.64,3134.67,3138.44,465.7288,2026-01-04 23:49:59.999,1460999.83327200,9360,115.76540000,363241.64083000,0
2026-01-04 23:50:00,3138.43,3142.21,3138.3,3141.03,361.4354,2026-01-04 23:54:59.999,1135275.90230200,7553,217.16950000,682087.17079800,0
2026-01-04 23:55:00,3141.03,3146.57,3140.12,3144.7,322.9539,2026-01-04 23:59:59.999,1015031.71482800,7138,205.24630000,645179.53940500,0
2026-01-05 00:00:00,3144.71,3162.55,3143.93,3150.16,4317.8765,2026-01-05 00:04:59.999,13624677.81484200,45005,2529.43860000,7980501.58774300,0
2026-01-05 00:05:00,3150.19,3152.59,3145.01,3149.5,1572.7108,2026-01-05 00:09:59.999,4951299.68650000,25545,717.63700000,2259446.44983800,0
2026-01-05 00:10:00,3149.49,3155.89,3147.61,3153.81,693.5797,2026-01-05 00:14:59.999,2186434.18786800,13662,398.08490000,1254949.43133400,0
2026-01-05 00:15:00,3153.81,3160.3,3153.81,3154.63,997.911,2026-01-05 00:19:59.999,3150242.98106400,21230,538.22530000,1699119.86773700,0
2026-01-05 00:20:00,3154.62,3154.63,3143.54,3146.9,1183.3194,2026-01-05 00:24:59.999,3725368.88260500,20368,492.04800000,1548677.31833900,0
2026-01-05 00:25:00,3146.91,3153.58,3145.75,3152.3,1047.1838,2026-01-05 00:29:59.999,3298218.21269100,19707,596.89690000,1880006.71530300,0
2026-01-05 00:30:00,3152.3,3152.3,3143.7,3148.26,1003.3041,2026-01-05 00:34:59.999,3157507.98448100,15844,278.83580000,877465.07854000,0
2026-01-05 00:35:00,3148.25,3151.08,3147.11,3150.07,689.423,2026-01-05 00:39:59.999,2171201.47519400,13572,366.50780000,1154246.80516800,0
2026-01-05 00:40:00,3150.08,3155.81,3148.0,3155.28,606.537,2026-01-05 00:44:59.999,1912122.23787400,12419,325.93490000,1027680.68797400,0
2026-01-05 00:45:00,3155.28,3175.32,3152.89,3167.38,6182.2679,2026-01-05 00:49:59.999,19572481.82240700,35714,3792.52260000,12003182.97356400,0
2026-01-05 00:50:00,3167.39,3171.99,3162.3,3165.57,2127.532,2026-01-05 00:54:59.999,6738137.27868300,33250,1089.26630000,3450377.19051200,0
2026-01-05 00:55:00,3165.57,3172.72,3162.14,3168.19,1740.1204,2026-01-05 00:59:59.999,5512421.14304900,21847,799.57770000,2533428.52203800,0
2026-01-05 01:00:00,3168.2,3171.0,3163.12,3168.36,1942.5558,2026-01-05 01:04:59.999,6151568.79924100,26248,665.28900000,2107168.03427300,0
2026-01-05 01:05:00,3168.36,3197.99,3165.81,3190.19,9392.3766,2026-01-05 01:09:59.999,29927704.60859000,58627,5921.72330000,18865188.32073100,0
2026-01-05 01:10:00,3190.19,3191.89,3183.77,3190.28,2011.468,2026-01-05 01:14:59.999,6411540.69309600,31735,940.62870000,2998492.74084600,0
2026-01-05 01:15:00,3190.29,3191.85,3179.68,3182.89,2283.213,2026-01-05 01:19:59.999,7273134.25924800,31811,506.97520000,1615424.85664800,0
2026-01-05 01:20:00,3182.89,3184.89,3178.01,3183.21,1502.6756,2026-01-05 01:24:59.999,4781019.25711100,15598,392.02940000,1247640.63718800,0
2026-01-05 01:25:00,3183.22,3186.65,3181.86,3186.65,734.137,2026-01-05 01:29:59.999,2337487.03298000,13887,324.26440000,1032432.61256300,0
2026-01-05 01:30:00,3186.65,3188.86,3180.01,3184.33,1287.827,2026-01-05 01:34:59.999,4099862.86631500,26511,731.47780000,2328703.75899200,0
2026-01-05 01:35:00,3184.33,3220.82,3183.67,3209.4,12473.5477,2026-01-05 01:39:59.999,39987925.93962600,61370,7819.42540000,25055279.16793000,0
2026-01-05 01:40:00,3209.4,3212.43,3203.7,3210.86,2035.0774,2026-01-05 01:44:59.999,6528064.39677800,31653,854.73850000,2741911.71255900,0
2026-01-05 01:45:00,3210.87,3214.0,3204.68,3207.21,1670.9264,2026-01-05 01:49:59.999,5362796.32240800,26965,512.11170000,1643742.04695100,0
2026-01-05 01:50:00,3207.2,3210.25,3198.49,3200.84,1934.5562,2026-01-05 01:54:59.999,6194968.98771500,25340,479.99400000,1537035.09749700,0
2026-01-05 01:55:00,3200.84,3201.28,3196.89,3197.91,1350.4246,2026-01-05 01:59:59.999,4320333.75540100,12639,603.37000000,1930376.34642800,0
2026-01-05 02:00:00,3197.92,3204.34,3193.88,3196.4,1944.9997,2026-01-05 02:04:59.999,6222766.46787700,22622,731.87090000,2342217.45253500,0
2026-01-05 02:05:00,3196.39,3199.12,3185.56,3189.5,2418.4605,2026-01-05 02:09:59.999,7716486.71258000,24448,738.11190000,2355025.43504200,0
2026-01-05 02:10:00,3189.51,3194.19,3187.93,3191.98,772.4957,2026-01-05 02:14:59.999,2465771.40228100,13434,419.58630000,1339252.97398400,0
2026-01-05 02:15:00,3191.99,3196.85,3191.32,3195.06,710.5685,2026-01-05 02:19:59.999,2269786.22051100,11726,389.35050000,1243819.55531900,0
2026-01-05 02:20:00,3195.06,3195.06,3182.95,3187.58,1447.0539,2026-01-05 02:24:59.999,4613300.97229700,18532,652.63800000,2080720.29635400,0
2026-01-05 02:25:00,3187.58,3188.17,3184.35,3185.23,592.116,2026-01-05 02:29:59.999,1886534.36441400,7960,145.34050000,463057.52229300,0
2026-01-05 02:30:00,3185.24,3191.8,3184.31,3190.65,963.0333,2026-01-05 02:34:59.999,3070043.81336500,12138,490.06100000,1562457.35788100,0
2026-01-05 02:35:00,3190.65,3192.56,3187.58,3190.0,523.2103,2026-01-05 02:39:59.999,1669483.35807600,12020,260.75080000,832075.35428500,0
2026-01-05 02:40:00,3189.99,3190.14,3185.55,3189.03,744.327,2026-01-05 02:44:59.999,2372551.37542800,10865,439.52100000,1400882.68622800,0
2026-01-05 02:45:00,3189.03,3192.29,3189.02,3190.35,576.1574,2026-01-05 02:49:59.999,1838419.44071900,8123,341.05280000,1088221.15101700,0
2026-01-05 02:50:00,3190.34,3195.14,3190.34,3194.68,653.9724,2026-01-05 02:54:59.999,2087887.44420000,10270,330.78270000,1056093.72378400,0
2026-01-05 02:55:00,3194.67,3194.67,3190.85,3193.07,395.893,2026-01-05 02:59:59.999,1264044.59553200,6338,226.79850000,724153.27712800,0
2026-01-05 03:00:00,3193.07,3197.51,3189.77,3194.95,893.6431,2026-01-05 03:04:59.999,2853430.98036200,11450,324.83640000,1037628.22445500,0
2026-01-05 03:05:00,3194.95,3196.92,3190.37,3190.82,474.8857,2026-01-05 03:09:59.999,1516561.14584800,12199,214.93370000,686317.22307900,0
2026-01-05 03:10:00,3190.83,3191.15,3187.17,3188.52,569.4503,2026-01-05 03:14:59.999,1815900.53953100,6960,210.30060000,670566.31440100,0
2026-01-05 03:15:00,3188.51,3189.95,3184.61,3188.92,691.896,2026-01-05 03:19:59.999,2205447.32121000,9014,376.88040000,1201545.54445200,0
2026-01-05 03:20:00,3188.92,3191.27,3186.22,3187.19,573.5596,2026-01-05 03:24:59.999,1829042.34515400,6468,290.63260000,926576.09578500,0
2026-01-05 03:25:00,3187.19,3191.98,3185.87,3190.06,776.0857,2026-01-05 03:29:59.999,2474667.17422000,6102,408.62490000,1303466.89910700,0
2026-01-05 03:30:00,3190.06,3195.0,3189.84,3192.19,710.7792,2026-01-05 03:34:59.999,2269385.89965900,8897,449.18560000,1434178.49667600,0
2026-01-05 03:35:00,3192.19,3192.19,3188.71,3190.34,413.1181,2026-01-05 03:39:59.999,1318005.72299700,5826,184.23580000,587785.39072700,0
2026-01-05 03:40:00,3190.33,3190.33,3186.28,3186.88,430.5818,2026-01-05 03:44:59.999,1372779.88225700,5420,104.49600000,333162.43685000,0
2026-01-05 03:45:00,3186.88,3187.89,3185.9,3187.04,260.8385,2026-01-05 03:49:59.999,831225.31023900,3524,76.48490000,243734.37697500,0
2026-01-05 03:50:00,3187.04,3189.15,3186.5,3187.04,164.4138,2026-01-05 03:54:59.999,524110.84900600,4159,69.27740000,220834.41626400,0
2026-01-05 03:55:00,3187.05,3187.47,3185.05,3185.86,265.9719,2026-01-05 03:59:59.999,847492.46263200,5284,163.99650000,522598.09088700,0
2026-01-05 04:00:00,3185.86,3188.35,3183.93,3184.58,378.4842,2026-01-05 04:04:59.999,1205671.80616900,7863,92.23200000,293831.94413800,0
2026-01-05 04:05:00,3184.59,3184.59,3178.77,3181.83,1147.5261,2026-01-05 04:09:59.999,3650930.59670900,12585,292.74130000,931399.92461600,0
2026-01-05 04:10:00,3181.84,3181.84,3174.47,3174.48,1393.9525,2026-01-05 04:14:59.999,4428124.68868100,10451,349.85590000,1111339.43222400,0
2026-01-05 04:15:00,3174.47,3178.82,3173.0,3175.99,945.7871,2026-01-05 04:19:59.999,3004617.61500700,8304,629.14280000,1998757.45486200,0
2026-01-05 04:20:00,3175.99,3178.32,3174.07,3175.43,777.9752,2026-01-05 04:24:59.999,2471183.77316400,12119,349.47730000,1110154.86455400,0
2026-01-05 04:25:00,3175.43,3176.64,3162.33,3165.25,4883.1718,2026-01-05 04:29:59.999,15463282.15149900,30642,2298.29990000,7275028.67861500,0
2026-01-05 04:30:00,3165.26,3167.12,3157.46,3164.28,2275.054,2026-01-05 04:34:59.999,7196598.43923600,27170,860.01700000,2721042.73040400,0
2026-01-05 04:35:00,3164.28,3167.55,3162.13,3167.55,698.362,2026-01-05 04:39:59.999,2210597.92209600,11998,292.13870000,924971.52058200,0
2026-01-05 04:40:00,3167.54,3167.8,3161.5,3163.29,837.7948,2026-01-05 04:44:59.999,2650989.07573200,11807,244.29180000,772953.23664000,0
2026-01-05 04:45:00,3163.3,3166.36,3162.95,3163.26,845.3055,2026-01-05 04:49:59.999,2674906.49128900,10092,467.06130000,1477907.95364900,0
2026-01-05 04:50:00,3163.26,3167.01,3163.26,3166.74,881.3922,2026-01-05 04:54:59.999,2790916.07992500,7807,355.78960000,1126507.91606100,0
2026-01-05 04:55:00,3166.74,3168.32,3166.53,3167.11,451.9626,2026-01-05 04:59:59.999,1431516.88489200,7294,311.66180000,987107.96622300,0
2026-01-05 05:00:00,3167.12,3167.12,3163.61,3165.15,331.656,2026-01-05 05:04:59.999,1049669.49773900,6913,167.65710000,530589.26050000,0
2026-01-05 05:05:00,3165.15,3169.63,3161.73,3164.37,661.828,2026-01-05 05:09:59.999,2094853.92796800,14172,332.45680000,1052367.19396700,0
2026-01-05 05:10:00,3164.37,3164.98,3162.77,3163.03,247.0518,2026-01-05 05:14:59.999,781678.85213300,4918,125.21390000,396194.54056100,0
2026-01-05 05:15:00,3163.03,3165.25,3162.07,3164.6,989.7917,2026-01-05 05:19:59.999,3130726.78282900,5928,217.84700000,689164.50289900,0
2026-01-05 05:20:00,3164.61,3166.43,3164.6,3166.43,391.7509,2026-01-05 05:24:59.999,1240031.24241100,4779,194.07530000,614313.80072400,0
2026-01-05 05:25:00,3166.43,3167.34,3165.83,3166.57,213.2133,2026-01-05 05:29:59.999,675193.56577200,3182,111.63480000,353495.11341400,0
2026-01-05 05:30:00,3166.56,3166.56,3163.92,3163.92,223.3194,2026-01-05 05:34:59.999,706899.43925500,5263,81.32830000,257438.46977800,0
2026-01-05 05:35:00,3163.92,3165.86,3159.18,3160.56,1046.6695,2026-01-05 05:39:59.999,3308873.72728800,9211,440.65240000,1392945.93343900,0
2026-01-05 05:40:00,3160.55,3161.4,3156.15,3156.22,1475.1775,2026-01-05 05:44:59.999,4660349.47476500,12295,463.80180000,1465601.96183000,0
2026-01-05 05:45:00,3156.22,3158.68,3153.79,3156.4,1316.7287,2026-01-05 05:49:59.999,4155048.48418300,12791,591.86030000,1867624.08224400,0
2026-01-05 05:50:00,3156.4,3156.74,3148.0,3149.68,2766.9726,2026-01-05 05:54:59.999,8719455.96110700,23487,1166.03060000,3673743.95551100,0
2026-01-05 05:55:00,3149.69,3152.72,3148.05,3149.93,909.1789,2026-01-05 05:59:59.999,2865026.82782300,11494,454.14630000,1431073.36570700,0
2026-01-05 06:00:00,3149.93,3154.71,3148.79,3152.78,1021.1012,2026-01-05 06:04:59.999,3218702.89900400,14926,700.21170000,2206974.44617200,0
2026-01-05 06:05:00,3152.79,3156.22,3152.79,3156.2,659.8695,2026-01-05 06:09:59.999,2081713.14999400,7650,460.92780000,1454042.28754300,0
2026-01-05 06:10:00,3156.19,3156.2,3153.5,3153.94,588.1547,2026-01-05 06:14:59.999,1855576.98331100,5544,213.14170000,672385.11933200,0
2026-01-05 06:15:00,3153.95,3156.64,3152.54,3155.0,489.7869,2026-01-05 06:19:59.999,1545110.82434900,8745,253.14410000,798567.49783700,0
2026-01-05 06:20:00,3154.99,3154.99,3151.34,3151.35,723.4336,2026-01-05 06:24:59.999,2280653.03967200,9945,288.60390000,909890.08371500,0
2026-01-05 06:25:00,3151.35,3151.51,3144.35,3145.03,1715.9174,2026-01-05 06:29:59.999,5400228.57877200,18180,555.49130000,1748051.00138900,0
2026-01-05 06:30:00,3145.03,3149.13,3135.31,3149.13,3791.9224,2026-01-05 06:34:59.999,11914990.98190000,34288,1567.01920000,4924935.14914800,0
2026-01-05 06:35:00,3149.14,3153.53,3147.43,3153.18,1355.4466,2026-01-05 06:39:59.999,4270546.64256700,12596,556.52330000,1753578.65799600,0
2026-01-05 06:40:00,3153.17,3156.64,3151.71,3156.5,1259.6982,2026-01-05 06:44:59.999,3973556.35023900,11039,802.04860000,2530090.02716900,0
2026-01-05 06:45:00,3156.5,3156.54,3152.61,3156.17,844.1855,2026-01-05 06:49:59.999,2663356.29086200,12068,339.11960000,1069935.11786100,0
2026-01-05 06:50:00,3156.18,3157.61,3154.52,3156.47,427.6337,2026-01-05 06:54:59.999,1349675.31154600,6335,213.75560000,674683.46223800,0
2026-01-05 06:55:00,3156.47,3159.11,3156.47,3157.68,551.4188,2026-01-05 06:59:59.999,1741375.88961300,6003,423.11840000,1336180.34620800,0
2026-01-05 07:00:00,3157.68,3161.88,3155.84,3159.63,635.4931,2026-01-05 07:04:59.999,2007771.47655900,12911,334.58790000,1057247.02961400,0
2026-01-05 07:05:00,3159.63,3160.45,3155.31,3155.54,802.7573,2026-01-05 07:09:59.999,2535416.56396400,8756,201.49560000,636344.07087700,0
2026-01-05 07:10:00,3155.55,3161.66,3155.54,3161.58,411.1397,2026-01-05 07:14:59.999,1299308.31261000,7163,272.81330000,862104.14362100,0
2026-01-05 07:15:00,3161.58,3163.24,3158.92,3160.19,498.9872,2026-01-05 07:19:59.999,1577174.41077500,9703,249.47780000,788505.98811500,0
2026-01-05 07:20:00,3160.19,3160.47,3156.42,3157.58,463.7125,2026-01-05 07:24:59.999,1464628.77849800,6071,190.27250000,600961.02780900,0
2026-01-05 07:25:00,3157.58,3158.59,3157.04,3158.01,167.1951,2026-01-05 07:29:59.999,527929.40327200,3971,104.42080000,329713.94538100,0
2026-01-05 07:30:00,3158.01,3159.45,3157.06,3157.2,628.3621,2026-01-05 07:34:59.999,1984708.11140200,6326,249.63020000,788385.29752500,0
2026-01-05 07:35:00,3157.2,3158.09,3156.78,3157.5,534.2034,2026-01-05 07:39:59.999,1686642.13285100,3832,187.80200000,592936.72081500,0
2026-01-05 07:40:00,3157.5,3160.48,3156.72,3160.16,613.1882,2026-01-05 07:44:59.999,1936907.18021400,9119,313.69800000,990824.07558900,0
2026-01-05 07:45:00,3160.16,3160.8,3159.02,3159.03,810.2268,2026-01-05 07:49:59.999,2560323.49779600,7984,550.88110000,1740834.59100200,0
2026-01-05 07:50:00,3159.03,3159.52,3158.0,3158.25,791.6347,2026-01-05 07:54:59.999,2500508.26319500,5514,280.95250000,887435.06283400,0
2026-01-05 07:55:00,3158.26,3158.26,3157.33,3157.33,517.8563,2026-01-05 07:59:59.999,1635233.11707900,3248,183.22040000,578546.73571400,0
2026-01-05 08:00:00,3157.24,3161.35,3155.73,3161.19,665.2291,2026-01-05 08:04:59.999,2100959.49084400,13968,271.36260000,857005.38644900,0
2026-01-05 08:05:00,3161.19,3162.17,3157.47,3161.97,457.2809,2026-01-05 08:09:59.999,1445191.82099300,13909,147.94360000,467547.57293000,0
2026-01-05 08:10:00,3161.96,3164.71,3161.07,3164.71,432.0806,2026-01-05 08:14:59.999,1366649.70884800,8550,277.99250000,879371.98208800,0
2026-01-05 08:15:00,3164.7,3166.43,3162.4,3163.37,538.0659,2026-01-05 08:19:59.999,1702817.10946700,10886,269.11060000,851694.81025000,0
2026-01-05 08:20:00,3163.38,3172.01,3163.38,3171.77,984.4244,2026-01-05 08:24:59.999,3119890.94355100,17974,600.96580000,1904574.91860300,0
2026-01-05 08:25:00,3171.76,3171.76,3165.35,3167.0,492.0878,2026-01-05 08:29:59.999,1559387.55345200,12064,173.34410000,549248.06123700,0
2026-01-05 08:30:00,3167.0,3169.0,3165.11,3165.43,549.2057,2026-01-05 08:34:59.999,1739349.07302900,9846,220.93160000,699831.46325900,0
2026-01-05 08:35:00,3165.44,3166.4,3160.65,3160.65,740.6788,2026-01-05 08:39:59.999,2343267.07855700,14992,260.03390000,822771.30671400,0
2026-01-05 08:40:00,3160.66,3162.95,3160.33,3161.14,321.7988,2026-01-05 08:44:59.999,1017288.57038900,8383,161.76380000,511347.10695800,0
2026-01-05 08:45:00,3161.15,3164.64,3160.76,3163.5,1564.3707,2026-01-05 08:49:59.999,4949245.01970900,8383,1439.18030000,4553280.53906500,0
2026-01-05 08:50:00,3163.49,3166.29,3163.34,3165.98,363.0447,2026-01-05 08:54:59.999,1148961.05183500,7172,151.52550000,479527.06370300,0
2026-01-05 08:55:00,3165.99,3167.55,3163.46,3163.62,230.224,2026-01-05 08:59:59.999,728775.41018900,7590,120.85740000,382580.38540300,0
2026-01-05 09:00:00,3163.62,3164.73,3156.38,3160.29,1358.9265,2026-01-05 09:04:59.999,4292814.99331700,29904,527.59630000,1666558.49772000,0
2026-01-05 09:05:00,3160.3,3160.3,3155.12,3157.4,897.2588,2026-01-05 09:09:59.999,2832645.12927400,22727,311.30790000,982801.68811300,0
2026-01-05 09:10:00,3157.4,3159.86,3154.32,3154.9,856.8806,2026-01-05 09:14:59.999,2705010.60053100,10024,337.14400000,1064695.39909600,0
2026-01-05 09:15:00,3154.91,3161.95,3153.12,3160.51,1691.9085,2026-01-05 09:19:59.999,5344012.24776800,17269,777.48060000,2456103.53896400,0
2026-01-05 09:20:00,3160.52,3163.43,3158.95,3162.7,987.4513,2026-01-05 09:24:59.999,3121500.31079400,13580,380.61700000,1203274.86742200,0
2026-01-05 09:25:00,3162.7,3164.27,3161.69,3162.32,268.558,2026-01-05 09:29:59.999,849459.18199900,7101,126.11000000,398903.92912400,0
2026-01-05 09:30:00,3162.32,3165.8,3159.61,3164.29,628.5976,2026-01-05 09:34:59.999,1988117.73426900,12914,408.97020000,1293473.43241100,0
2026-01-05 09:35:00,3164.29,3168.37,3163.6,3167.67,455.6415,2026-01-05 09:39:59.999,1442328.10582200,9025,177.63840000,562344.01378900,0
2026-01-05 09:40:00,3167.66,3169.75,3166.24,3167.26,2624.2455,2026-01-05 09:44:59.999,8314856.90472900,9917,811.24770000,2570329.93348100,0
2026-01-05 09:45:00,3167.26,3175.17,3166.91,3170.37,1811.2142,2026-01-05 09:49:59.999,5745568.77010400,20010,745.19110000,2363700.43861900,0
2026-01-05 09:50:00,3170.37,3172.13,3168.41,3170.4,405.4631,2026-01-05 09:54:59.999,1285559.84473600,9256,211.74400000,671356.41264700,0
2026-01-05 09:55:00,3170.39,3170.4,3166.79,3168.18,389.2468,2026-01-05 09:59:59.999,1233191.42739000,8770,174.19490000,551808.98883800,0
2026-01-05 10:00:00,3168.17,3170.83,3166.86,3168.3,736.8189,2026-01-05 10:04:59.999,2334991.38017600,9692,357.03140000,1131622.14066800,0
2026-01-05 10:05:00,3168.3,3173.47,3168.29,3173.4,324.4528,2026-01-05 10:09:59.999,1028959.68834400,7592,229.92410000,729156.73502900,0
2026-01-05 10:10:00,3173.4,3179.04,3172.77,3176.68,1168.9682,2026-01-05 10:14:59.999,3713105.67278700,13636,558.01230000,1772645.52705000,0
2026-01-05 10:15:00,3176.68,3178.62,3172.89,3173.41,715.3676,2026-01-05 10:19:59.999,2271199.75943200,12566,349.03610000,1108143.58571000,0
2026-01-05 10:20:00,3173.41,3176.63,3171.64,3175.96,692.479,2026-01-05 10:24:59.999,2197730.10100700,8597,261.00000000,828450.11800400,0
2026-01-05 10:25:00,3175.96,3177.6,3174.37,3175.01,537.6999,2026-01-05 10:29:59.999,1707764.22306300,10201,302.89150000,961979.58673800,0
2026-01-05 10:30:00,3175.0,3178.66,3173.52,3176.89,529.009,2026-01-05 10:34:59.999,1680004.24557600,13579,320.85730000,1018912.35232400,0
2026-01-05 10:35:00,3176.88,3176.99,3162.52,3169.47,2138.7972,2026-01-05 10:39:59.999,6778661.45766100,25359,578.55070000,1832897.60754100,0
2026-01-05 10:40:00,3169.48,3170.26,3165.86,3167.18,359.8502,2026-01-05 10:44:59.999,1140211.26272900,10008,117.32350000,371747.10272100,0
2026-01-05 10:45:00,3167.19,3172.31,3167.18,3171.61,286.2077,2026-01-05 10:49:59.999,907556.39175900,6074,219.78920000,696943.69665500,0
2026-01-05 10:50:00,3171.62,3178.92,3171.61,3178.4,983.3998,2026-01-05 10:54:59.999,3121887.19104600,11292,721.68440000,2291204.91490000,0
2026-01-05 10:55:00,3178.4,3178.4,3173.0,3173.19,316.5738,2026-01-05 10:59:59.999,1005070.45099700,6432,122.85060000,390007.74932800,0
2026-01-05 11:00:00,3173.19,3173.39,3169.01,3170.3,447.5614,2026-01-05 11:04:59.999,1419642.90473600,10051,126.15210000,400152.33222000,0
2026-01-05 11:05:00,3170.29,3173.44,3169.93,3171.89,288.2738,2026-01-05 11:09:59.999,914282.21011700,7729,180.23070000,571663.07159400,0
2026-01-05 11:10:00,3171.88,3171.89,3169.58,3169.61,310.6465,2026-01-05 11:14:59.999,985031.92772700,5054,78.07870000,247554.94562200,0
2026-01-05 11:15:00,3169.61,3172.89,3168.21,3172.89,390.4896,2026-01-05 11:19:59.999,1238080.48942900,5848,226.60650000,718629.03027800,0
2026-01-05 11:20:00,3172.89,3183.56,3172.88,3179.03,1126.6086,2026-01-05 11:24:59.999,3582235.32744600,12033,628.44990000,1998230.10778500,0
2026-01-05 11:25:00,3179.03,3180.51,3172.4,3173.44,973.5432,2026-01-05 11:29:59.999,3092802.14187600,13945,234.69630000,745597.27875900,0
2026-01-05 11:30:00,3173.45,3176.84,3172.66,3174.43,665.1512,2026-01-05 11:34:59.999,2112113.39905200,9793,409.93330000,1301719.41445200,0
2026-01-05 11:35:00,3174.43,3176.38,3174.1,3174.56,219.8774,2026-01-05 11:39:59.999,698113.05207600,6264,67.74330000,215079.43392400,0
2026-01-05 11:40:00,3174.57,3178.5,3174.53,3175.65,993.4675,2026-01-05 11:44:59.999,3155379.48719800,11143,632.36550000,2008341.48493100,0
2026-01-05 11:45:00,3175.66,3180.89,3175.66,3180.0,413.3821,2026-01-05 11:49:59.999,1313926.93958500,9110,218.25370000,693783.67033500,0
2026-01-05 11:50:00,3180.0,3182.0,3179.25,3180.5,284.1577,2026-01-05 11:54:59.999,903677.60413100,7416,141.42960000,449767.69634700,0
2026-01-05 11:55:00,3180.5,3183.64,3180.04,3180.27,401.1578,2026-01-05 11:59:59.999,1276419.27826800,8189,294.13550000,935920.41402800,0
2026-01-05 12:00:00,3180.28,3182.64,3178.0,3178.01,653.1101,2026-01-05 12:04:59.999,2076784.00680200,11928,183.80280000,584498.11572600,0
2026-01-05 12:05:00,3178.0,3179.19,3176.66,3178.29,317.9725,2026-01-05 12:09:59.999,1010450.28417200,7796,152.69000000,485228.44041400,0
2026-01-05 12:10:00,3178.29,3181.8,3178.24,3180.89,383.6229,2026-01-05 12:14:59.999,1219925.36135200,6679,234.10260000,744445.78531200,0
2026-01-05 12:15:00,3180.88,3183.91,3175.85,3177.6,521.3901,2026-01-05 12:19:59.999,1657529.86920100,9765,147.74800000,469844.30298100,0
2026-01-05 12:20:00,3177.6,3177.6,3173.12,3175.37,724.968,2026-01-05 12:24:59.999,2301998.37205200,11190,187.24730000,594599.47545500,0
2026-01-05 12:25:00,3175.37,3177.05,3174.4,3174.4,380.904,2026-01-05 12:29:59.999,1209525.28122800,6158,246.77340000,783586.89026900,0
2026-01-05 12:30:00,3174.4,3175.95,3172.33,3173.12,542.2758,2026-01-05 12:34:59.999,1721172.63426000,12215,232.77070000,738787.36666600,0
2026-01-05 12:35:00,3173.12,3174.26,3168.89,3169.33,536.5092,2026-01-05 12:39:59.999,1701190.60642100,10523,173.86190000,551315.98499400,0
2026-01-05 12:40:00,3169.34,3170.81,3167.31,3167.92,699.3029,2026-01-05 12:44:59.999,2215856.15048700,11349,296.25780000,938761.81334500,0
2026-01-05 12:45:00,3167.93,3172.27,3166.33,3169.87,813.4154,2026-01-05 12:49:59.999,2577696.41360300,18236,424.51490000,1345309.57712000,0
2026-01-05 12:50:00,3169.87,3171.32,3168.81,3168.82,238.8942,2026-01-05 12:54:59.999,757345.64928000,10089,83.59960000,265030.19239100,0
2026-01-05 12:55:00,3168.81,3172.71,3168.71,3170.5,359.4156,2026-01-05 12:59:59.999,1139519.30880100,7472,105.47350000,334393.49197100,0
2026-01-05 13:00:00,3170.51,3172.28,3166.73,3171.16,609.4457,2026-01-05 13:04:59.999,1932193.77760600,11909,341.93550000,1084198.40947500,0
2026-01-05 13:05:00,3171.16,3175.32,3169.05,3170.54,529.0783,2026-01-05 13:09:59.999,1678630.76585500,10740,291.31390000,924270.09065000,0
2026-01-05 13:10:00,3170.54,3173.14,3170.06,3171.02,227.5207,2026-01-05 13:14:59.999,721615.73426400,6040,76.16040000,241551.01198600,0
2026-01-05 13:15:00,3171.02,3171.02,3161.83,3161.84,1539.8183,2026-01-05 13:19:59.999,4874870.29397800,15559,460.62350000,1457988.26165700,0
2026-01-05 13:20:00,3161.83,3162.32,3156.5,3161.83,1734.5955,2026-01-05 13:24:59.999,5480630.27276500,27768,866.12000000,2736374.61571300,0
2026-01-05 13:25:00,3161.84,3162.27,3159.27,3160.31,723.2018,2026-01-05 13:29:59.999,2286156.83292200,12445,158.57380000,501280.39231700,0
2026-01-05 13:30:00,3160.3,3160.31,3155.97,3156.75,1026.3535,2026-01-05 13:34:59.999,3240897.01623900,20162,417.60540000,1318750.67996900,0
2026-01-05 13:35:00,3156.76,3158.46,3152.89,3153.61,1037.354,2026-01-05 13:39:59.999,3272947.06143800,20221,455.67770000,1437888.62065700,0
2026-01-05 13:40:00,3153.6,3153.8,3143.67,3146.64,3354.6291,2026-01-05 13:44:59.999,10560014.86123000,37360,1172.85520000,3691463.13632800,0
2026-01-05 13:45:00,3146.63,3149.21,3145.71,3146.55,1077.8629,2026-01-05 13:49:59.999,3392614.07609600,20187,680.56020000,2142027.96606800,0
2026-01-05 13:50:00,3146.55,3151.59,3146.55,3151.07,1247.4174,2026-01-05 13:54:59.999,3928629.66857400,15827,872.09330000,2746530.89047000,0
2026-01-05 13:55:00,3151.06,3155.64,3149.12,3154.39,1839.1122,2026-01-05 13:59:59.999,5798645.30431700,13641,1152.91180000,3635689.02777100,0
2026-01-05 14:00:00,3154.39,3160.01,3153.6,3160.0,1178.739,2026-01-05 14:04:59.999,3721320.46068900,19301,736.38830000,2324784.64575100,0
2026-01-05 14:05:00,3160.01,3160.78,3150.89,3152.69,849.1767,2026-01-05 14:09:59.999,2678467.73299800,14593,319.34570000,1007114.41427500,0
2026-01-05 14:10:00,3152.7,3153.49,3150.43,3152.15,592.4998,2026-01-05 14:14:59.999,1867457.38500800,9536,360.27450000,1135493.80944900,0
2026-01-05 14:15:00,3152.15,3155.4,3150.24,3154.43,646.1449,2026-01-05 14:19:59.999,2036760.55708900,11667,326.89570000,1030484.41873000,0
2026-01-05 14:20:00,3154.43,3156.26,3151.56,3152.92,621.741,2026-01-05 14:24:59.999,1960562.64278000,10988,459.03750000,1447436.39854900,0
2026-01-05 14:25:00,3152.92,3155.5,3150.01,3154.33,440.7546,2026-01-05 14:29:59.999,1389561.41573200,9150,226.43670000,713899.75429800,0
2026-01-05 14:30:00,3154.33,3158.21,3144.37,3147.38,3458.0388,2026-01-05 14:34:59.999,10894150.38257400,70286,1735.65500000,5468922.10769000,0
2026-01-05 14:35:00,3147.37,3160.1,3135.02,3153.49,5698.1202,2026-01-05 14:39:59.999,17926751.88042900,82754,3050.36300000,9596493.77016200,0
2026-01-05 14:40:00,3153.5,3171.6,3151.42,3169.46,3486.9949,2026-01-05 14:44:59.999,11036532.89028700,67645,1998.11580000,6322814.92612900,0
2026-01-05 14:45:00,3169.47,3175.33,3149.05,3157.72,4235.8468,2026-01-05 14:49:59.999,13404323.35219200,81757,1997.02670000,6319832.73397600,0
2026-01-05 14:50:00,3157.72,3172.79,3157.14,3168.7,2734.125,2026-01-05 14:54:59.999,8655224.57537000,58843,1523.79300000,4823159.92947000,0
2026-01-05 14:55:00,3168.7,3178.34,3164.99,3167.0,2411.7182,2026-01-05 14:59:59.999,7645997.53333700,48671,1421.06810000,4504396.75579000,0
2026-01-05 15:00:00,3167.0,3171.95,3158.41,3163.76,3391.1707,2026-01-05 15:04:59.999,10732715.21163200,49828,1435.15960000,4543072.17471800,0
2026-01-05 15:05:00,3163.76,3166.72,3152.4,3160.0,1844.3652,2026-01-05 15:09:59.999,5825751.43325600,42660,819.09380000,2587242.20970900,0
2026-01-05 15:10:00,3159.99,3163.0,3156.82,3162.54,1416.3279,2026-01-05 15:14:59.999,4475511.86943300,33011,965.57890000,3051201.75109300,0
2026-01-05 15:15:00,3162.55,3174.81,3162.53,3170.7,1937.0478,2026-01-05 15:19:59.999,6141234.06138600,37195,976.85390000,3096179.70379000,0
2026-01-05 15:20:00,3170.7,3171.0,3156.21,3160.34,1754.9904,2026-01-05 15:24:59.999,5549143.52999400,31967,547.74990000,1731838.83438300,0
2026-01-05 15:25:00,3160.35,3166.43,3157.54,3164.79,1235.456,2026-01-05 15:29:59.999,3907741.37598600,26551,628.92590000,1989417.77082700,0
2026-01-05 15:30:00,3164.79,3183.41,3162.89,3179.4,3217.8818,2026-01-05 15:34:59.999,10224408.37794600,49449,1893.41670000,6014720.58399300,0
2026-01-05 15:35:00,3179.41,3183.0,3175.56,3179.23,1562.262,2026-01-05 15:39:59.999,4968595.24482300,36081,753.86840000,2397556.12934200,0
2026-01-05 15:40:00,3179.23,3205.0,3179.22,3192.92,7143.897,2026-01-05 15:44:59.999,22828382.92336800,70400,4138.24570000,13223887.13117800,0
2026-01-05 15:45:00,3192.91,3197.55,3186.35,3189.99,2031.8075,2026-01-05 15:49:59.999,6484591.54111000,39345,734.97200000,2346299.98667500,0
2026-01-05 15:50:00,3190.0,3199.61,3188.61,3189.48,1421.2043,2026-01-05 15:54:59.999,4540047.35191400,34457,725.93420000,2319088.94971600,0
2026-01-05 15:55:00,3189.48,3196.59,3189.02,3195.57,1028.7376,2026-01-05 15:59:59.999,3283770.85630200,23343,566.07710000,1806963.77572200,0
2026-01-05 16:00:00,3195.58,3199.73,3191.35,3198.9,2055.7005,2026-01-05 16:04:59.999,6568403.23629300,32426,845.72020000,2702872.10045200,0
2026-01-05 16:05:00,3198.91,3202.68,3185.51,3188.95,2433.82,2026-01-05 16:09:59.999,7765090.18050000,46092,839.05760000,2677892.99019900,0
2026-01-05 16:10:00,3188.95,3192.89,3186.13,3189.91,1590.9535,2026-01-05 16:14:59.999,5075177.80763800,25109,639.55580000,2040178.46193700,0
2026-01-05 16:15:00,3189.9,3192.04,3185.97,3191.32,2282.6573,2026-01-05 16:19:59.999,7277369.84863200,27885,1588.39730000,5063971.10815400,0
2026-01-05 16:20:00,3191.32,3194.9,3172.81,3180.11,4463.1571,2026-01-05 16:24:59.999,14211837.38081700,41075,2171.26010000,6917712.57557200,0
2026-01-05 16:25:00,3180.11,3186.96,3179.19,3180.89,1377.2501,2026-01-05 16:29:59.999,4383557.87912000,19194,671.36790000,2136821.60776700,0
2026-01-05 16:30:00,3180.9,3184.82,3178.02,3182.99,764.0518,2026-01-05 16:34:59.999,2431346.93601900,23140,401.12890000,1276523.46359400,0
2026-01-05 16:35:00,3182.98,3187.11,3179.62,3180.9,1353.9884,2026-01-05 16:39:59.999,4310565.05835000,20845,361.43650000,1150851.09379300,0
2026-01-05 16:40:00,3180.89,3185.34,3178.54,3179.72,782.2186,2026-01-05 16:44:59.999,2488980.25074500,20381,386.34410000,1229524.29407100,0
2026-01-05 16:45:00,3179.72,3181.2,3175.64,3179.57,1277.3785,2026-01-05 16:49:59.999,4059582.60463800,17148,458.49840000,1457371.06975800,0
2026-01-05 16:50:00,3179.58,3185.92,3178.76,3182.63,894.2264,2026-01-05 16:54:59.999,2846536.94439100,17425,613.17900000,1951842.48113200,0
2026-01-05 16:55:00,3182.63,3184.43,3180.02,3183.9,367.5713,2026-01-05 16:59:59.999,1169864.88896300,16950,244.34800000,777725.74747400,0
2026-01-05 17:00:00,3183.9,3187.61,3180.51,3185.31,581.6129,2026-01-05 17:04:59.999,1852313.21317800,20657,289.82660000,923036.86885700,0
2026-01-05 17:05:00,3185.3,3185.44,3180.19,3180.53,439.5824,2026-01-05 17:09:59.999,1399375.46388900,21780,246.97320000,786274.79800100,0
2026-01-05 17:10:00,3180.53,3185.11,3179.89,3182.78,284.0744,2026-01-05 17:14:59.999,904186.41072400,14704,158.65030000,505018.10116300,0
2026-01-05 17:15:00,3182.77,3183.98,3179.12,3180.14,389.8031,2026-01-05 17:19:59.999,1239999.11023100,15660,172.32490000,548288.30114700,0
2026-01-05 17:20:00,3180.14,3180.97,3160.65,3165.15,3049.5802,2026-01-05 17:24:59.999,9660503.36290600,38628,1183.45440000,3748298.61852100,0
2026-01-05 17:25:00,3165.16,3167.33,3159.48,3166.51,1392.1219,2026-01-05 17:29:59.999,4402485.61370700,26750,541.84460000,1714164.57579600,0
2026-01-05 17:30:00,3166.51,3175.14,3166.17,3174.91,993.8623,2026-01-05 17:34:59.999,3152071.45687700,26936,654.28560000,2075047.04029900,0
2026-01-05 17:35:00,3174.9,3182.15,3174.41,3180.85,1388.4744,2026-01-05 17:39:59.999,4413668.21249200,22867,1008.05250000,3204331.38879600,0
2026-01-05 17:40:00,3180.86,3190.5,3180.86,3187.43,1464.1299,2026-01-05 17:44:59.999,4665873.95516600,23280,1064.91480000,3393462.01458000,0
2026-01-05 17:45:00,3187.42,3196.02,3187.42,3192.98,1994.1734,2026-01-05 17:49:59.999,6367167.58778600,24110,1222.85800000,3904054.85392100,0
2026-01-05 17:50:00,3192.98,3215.47,3192.98,3209.55,5240.2628,2026-01-05 17:54:59.999,16795166.43500100,43780,3025.64570000,9696837.53194800,0
2026-01-05 17:55:00,3209.55,3229.99,3209.24,3213.38,6882.2066,2026-01-05 17:59:59.999,22154132.34297700,58591,3811.33470000,12270109.82175100,0
2026-01-05 18:00:00,3213.39,3218.81,3205.09,3208.33,2821.7024,2026-01-05 18:04:59.999,9064144.34025100,40052,1328.89050000,4269610.75656200,0
2026-01-05 18:05:00,3208.33,3210.5,3202.5,3202.5,2509.5388,2026-01-05 18:09:59.999,8044438.57692400,27391,1476.08820000,4730834.26372700,0
2026-01-05 18:10:00,3202.49,3210.56,3201.99,3210.56,1218.7194,2026-01-05 18:14:59.999,3906271.03800500,25243,611.59510000,1960502.04309700,0
2026-01-05 18:15:00,3210.57,3211.11,3196.84,3197.49,4871.9854,2026-01-05 18:19:59.999,15596919.84384700,41376,1285.35750000,4115527.92323200,0
2026-01-05 18:20:00,3197.5,3199.62,3186.39,3198.28,3616.1061,2026-01-05 18:24:59.999,11545062.47716600,36690,1613.56920000,5152395.18604300,0
2026-01-05 18:25:00,3198.28,3205.48,3198.27,3201.54,2611.1237,2026-01-05 18:29:59.999,8358401.96278400,26499,1936.91610000,6200345.26561200,0
2026-01-05 18:30:00,3201.54,3206.28,3200.0,3202.04,1047.8955,2026-01-05 18:34:59.999,3355997.81850100,26872,637.95720000,2043183.54698000,0
2026-01-05 18:35:00,3202.03,3202.38,3193.03,3195.01,1177.3813,2026-01-05 18:39:59.999,3764757.16138600,21290,608.56100000,1945905.90179300,0
2026-01-05 18:40:00,3195.0,3202.34,3194.66,3201.77,511.9181,2026-01-05 18:44:59.999,1637970.37729500,14002,331.08550000,1059297.92823800,0
2026-01-05 18:45:00,3201.76,3209.74,3201.35,3209.01,1100.0646,2026-01-05 18:49:59.999,3527789.45584000,18882,490.56590000,1573007.32078100,0
2026-01-05 18:50:00,3209.0,3218.65,3206.24,3217.84,2250.6065,2026-01-05 18:54:59.999,7230978.80845700,27415,1364.09210000,4383113.90654900,0
2026-01-05 18:55:00,3217.83,3228.95,3216.44,3228.3,3891.9134,2026-01-05 18:59:59.999,12542614.44681200,36549,2474.57250000,7975614.15894000,0
2026-01-05 19:00:00,3228.31,3228.52,3218.24,3219.96,2251.0882,2026-01-05 19:04:59.999,7253206.98290700,36239,986.85260000,3180095.19973700,0
2026-01-05 19:05:00,3219.96,3224.02,3215.4,3222.76,1774.8129,2026-01-05 19:09:59.999,5714703.41977700,31252,1036.39330000,3337725.37611700,0
2026-01-05 19:10:00,3222.75,3225.31,3220.9,3221.0,1305.4253,2026-01-05 19:14:59.999,4207967.06683500,20090,804.82150000,2594389.95159100,0
2026-01-05 19:15:00,3221.01,3225.44,3216.01,3221.79,1713.2452,2026-01-05 19:19:59.999,5516841.56188300,38040,822.99120000,2649955.13653500,0
2026-01-05 19:20:00,3221.79,3226.46,3220.0,3220.6,1171.7458,2026-01-05 19:24:59.999,3777216.57891500,24585,473.63230000,1526674.89408400,0
2026-01-05 19:25:00,3220.61,3226.06,3219.27,3223.56,1141.0439,2026-01-05 19:29:59.999,3678400.62111800,21325,535.79140000,1727405.33340900,0
2026-01-05 19:30:00,3223.56,3226.82,3220.62,3226.16,1002.2792,2026-01-05 19:34:59.999,3231730.65547800,22968,422.71580000,1363029.61319000,0
2026-01-05 19:35:00,3226.15,3226.82,3216.21,3216.75,1208.1987,2026-01-05 19:39:59.999,3892901.44834700,17334,408.15490000,1315324.19603500,0
2026-01-05 19:40:00,3216.74,3220.63,3214.82,3219.73,548.2475,2026-01-05 19:44:59.999,1764096.48108100,14735,216.93470000,698280.60795600,0
2026-01-05 19:45:00,3219.73,3220.77,3217.0,3220.49,302.4493,2026-01-05 19:49:59.999,973696.22096800,12036,138.71730000,446588.98699400,0
2026-01-05 19:50:00,3220.48,3220.49,3215.31,3218.06,508.7,2026-01-05 19:54:59.999,1636625.44829200,12468,253.75770000,816342.16128800,0
2026-01-05 19:55:00,3218.05,3224.48,3218.05,3223.07,400.9348,2026-01-05 19:59:59.999,1291788.99844000,13015,251.45360000,810075.11964000,0
2026-01-05 20:00:00,3223.07,3245.78,3220.0,3237.71,7159.5183,2026-01-05 20:04:59.999,23186993.87776800,42557,4248.86350000,13758388.57728400,0
2026-01-05 20:05:00,3237.72,3240.26,3234.99,3235.24,2254.7588,2026-01-05 20:09:59.999,7299722.45519300,40710,1011.24050000,3273904.84747000,0
2026-01-05 20:10:00,3235.23,3238.69,3230.91,3237.45,1361.197,2026-01-05 20:14:59.999,4403910.72193100,27505,509.24440000,1647820.13092800,0
2026-01-05 20:15:00,3237.45,3242.03,3233.84,3236.43,1332.2599,2026-01-05 20:19:59.999,4313633.23172900,33490,654.59800000,2119750.78554900,0
2026-01-05 20:20:00,3236.42,3238.88,3231.89,3238.47,1066.7126,2026-01-05 20:24:59.999,3450962.13252900,27664,430.26630000,1392006.03065600,0
2026-01-05 20:25:00,3238.46,3265.66,3238.46,3260.96,8913.0576,2026-01-05 20:29:59.999,28984547.21736500,68087,6084.16910000,19784990.22197300,0
2026-01-05 20:30:00,3260.95,3260.95,3247.53,3247.53,2141.544,2026-01-05 20:34:59.999,6966431.26612200,33680,627.32710000,2040445.81387300,0
