timestamp,open,high,low,close,vwap,volume,count
2026-04-11 12:00:00,2247.19,2257.5,2234.62,2250.47,2244.31,1206.41534204,3511
2026-04-11 16:00:00,2250.46,2329.85,2247.58,2316.86,2288.22,6431.45426008,7124
2026-04-11 20:00:00,2316.91,2317.6,2277.94,2285.62,2298.9,3798.09922337,4551
2026-04-12 00:00:00,2285.67,2288.99,2207.7,2214.44,2235.88,5034.35609343,5947
2026-04-12 04:00:00,2214.44,2221.31,2209.32,2220.08,2215.97,994.93109236,2614
2026-04-12 08:00:00,2219.04,2219.69,2194.9,2205.36,2209.13,1902.41026123,3101
2026-04-12 12:00:00,2205.08,2208.27,2176.15,2187.32,2189.14,1947.0371011,4398
2026-04-12 16:00:00,2187.36,2207.55,2183.99,2199.23,2201.66,2404.37828178,3333
2026-04-12 20:00:00,2199.23,2219.64,2184.56,2191.77,2205.57,3547.57434626,3522
2026-04-13 00:00:00,2191.74,2209.37,2187.81,2195.15,2199.86,976.86458473,2411
2026-04-13 04:00:00,2194.53,2201.29,2182.22,2186.62,2191.34,2687.79112694,2788
2026-04-13 08:00:00,2186.68,2195.71,2179.36,2187.63,2184.8,2492.57792088,2818
2026-04-13 12:00:00,2187.41,2237.52,2175.0,2210.0,2211.3,5034.27608434,5298
2026-04-13 16:00:00,2210.01,2269.27,2202.29,2263.05,2239.8,7922.01088553,5312
2026-04-13 20:00:00,2263.0,2395.05,2248.15,2369.39,2331.58,13570.75839633,9904
2026-04-14 00:00:00,2370.0,2378.58,2355.43,2366.16,2368.24,2959.66803247,4288
2026-04-14 04:00:00,2366.7,2390.36,2355.3,2378.76,2372.74,2404.75868547,4034
2026-04-14 08:00:00,2378.82,2396.29,2368.53,2374.9,2385.21,3796.51154099,5045
2026-04-14 12:00:00,2374.89,2417.01,2335.0,2365.8,2372.46,11355.42843017,9940
2026-04-14 16:00:00,2365.28,2372.0,2303.97,2314.64,2331.48,5028.19101501,6301
2026-04-14 20:00:00,2314.87,2332.62,2309.82,2323.21,2319.35,5212.77423493,3935
2026-04-15 00:00:00,2323.07,2343.83,2318.85,2329.44,2331.99,2395.50359934,3321
2026-04-15 04:00:00,2329.42,2338.49,2309.86,2316.99,2321.41,2070.06975771,3217
2026-04-15 08:00:00,2317.0,2339.51,2312.86,2337.7,2325.92,1019.1644621,4186
2026-04-15 12:00:00,2337.7,2349.99,2317.81,2332.25,2333.29,2998.8467351,4832
2026-04-15 16:00:00,2332.21,2386.01,2330.05,2375.88,2363.53,6027.42056662,5735
2026-04-15 20:00:00,2376.04,2380.39,2349.19,2360.32,2362.76,4285.40602397,4173
2026-04-16 00:00:00,2360.64,2369.1,2346.71,2358.26,2356.63,1801.51027551,2449
2026-04-16 04:00:00,2357.89,2363.32,2329.41,2341.69,2343.65,3111.63531484,3037
2026-04-16 08:00:00,2341.55,2348.24,2329.46,2336.0,2337.11,1490.5870043,3256
2026-04-16 12:00:00,2335.96,2351.49,2285.92,2340.15,2318.33,7599.56481724,7125
2026-04-16 16:00:00,2340.15,2362.33,2310.14,2360.39,2335.28,4048.73420443,4921
2026-04-16 20:00:00,2360.53,2364.77,2336.42,2348.89,2349.74,1884.4176281,3130
2026-04-17 00:00:00,2348.89,2351.6,2324.68,2325.86,2337.04,1370.89557806,2618
2026-04-17 04:00:00,2325.87,2342.49,2317.48,2333.86,2327.3,866.33316149,2190
2026-04-17 08:00:00,2334.29,2377.53,2333.55,2355.61,2353.12,3030.19449168,4274
2026-04-17 12:00:00,2355.61,2459.72,2350.61,2443.27,2419.77,16450.70628933,16464
2026-04-17 16:00:00,2443.28,2465.91,2411.91,2429.68,2433.5,8723.1146235,7655
2026-04-17 20:00:00,2429.07,2442.8,2417.14,2420.5,2429.8,2136.8587742,3247
2026-04-18 00:00:00,2420.01,2428.0,2401.14,2405.85,2417.09,2509.35732722,2784
2026-04-18 04:00:00,2405.99,2414.39,2401.0,2404.06,2407.17,1463.92732232,2083
2026-04-18 08:00:00,2404.31,2405.6,2344.37,2353.33,2375.38,6033.6185653,4789
2026-04-18 12:00:00,2353.63,2370.2,2346.38,2364.31,2362.15,4939.41824886,3260
2026-04-18 16:00:00,2364.32,2375.5,2340.47,2350.47,2357.24,2400.32871438,4297
2026-04-18 20:00:00,2349.45,2360.48,2346.01,2351.31,2353.87,651.95319425,2140
2026-04-19 00:00:00,2351.26,2355.99,2333.57,2340.52,2344.3,1750.5198646,2573
2026-04-19 04:00:00,2340.52,2346.65,2298.27,2317.5,2322.31,5484.39552473,4289
2026-04-19 08:00:00,2316.68,2331.85,2307.09,2330.3,2316.05,4458.50691316,3316
2026-04-19 12:00:00,2330.52,2350.5,2311.63,2330.58,2331.67,6172.37618679,3652
2026-04-19 16:00:00,2331.32,2332.36,2287.55,2301.0,2303.27,3883.04285578,4685
2026-04-19 20:00:00,2301.0,2301.0,2253.84,2263.67,2272.58,3142.14235133,4599
2026-04-20 00:00:00,2263.48,2294.63,2261.09,2287.08,2279.2,1917.80605219,2667
2026-04-20 04:00:00,2287.08,2332.61,2264.43,2298.8,2293.26,2799.23503041,3336
2026-04-20 08:00:00,2299.34,2320.19,2290.41,2309.65,2305.74,1128.39653611,2962
2026-04-20 12:00:00,2309.15,2326.82,2279.95,2314.49,2308.57,3251.92185653,4779
2026-04-20 16:00:00,2314.9,2344.99,2299.62,2333.1,2327.46,3369.74753358,4314
2026-04-20 20:00:00,2332.92,2347.25,2308.51,2315.0,2327.23,3638.24515781,3628
2026-04-21 00:00:00,2315.01,2327.08,2299.87,2312.45,2312.46,1617.41463837,2468
2026-04-21 04:00:00,2312.23,2327.47,2305.41,2319.38,2316.1,1273.71599284,2791
2026-04-21 08:00:00,2318.98,2339.44,2314.37,2322.0,2326.92,2720.56712477,3236
2026-04-21 12:00:00,2321.08,2328.27,2291.4,2310.85,2308.12,3096.83911513,4242
2026-04-21 16:00:00,2310.85,2331.29,2285.23,2298.75,2305.28,9872.67166585,5710
2026-04-21 20:00:00,2298.76,2330.0,2296.65,2328.11,2316.27,3791.52762419,4446
2026-04-22 00:00:00,2327.76,2379.62,2313.75,2364.36,2351.1,4042.58880757,5184
2026-04-22 04:00:00,2364.36,2414.99,2358.6,2390.01,2389.11,5560.17248406,5582
2026-04-22 08:00:00,2390.15,2401.14,2383.24,2399.88,2390.66,1326.69159696,3227
2026-04-22 12:00:00,2399.37,2424.05,2391.76,2404.55,2405.42,6268.73329702,11437
2026-04-22 16:00:00,2404.78,2414.0,2384.47,2398.33,2400.23,8408.55992082,8996
2026-04-22 20:00:00,2398.17,2407.15,2374.38,2374.95,2397.51,3202.14661774,9677
2026-04-23 00:00:00,2374.96,2382.24,2333.13,2342.61,2355.02,3829.38506891,7777
2026-04-23 04:00:00,2341.01,2359.0,2337.86,2344.88,2347.89,1636.14470914,5739
2026-04-23 08:00:00,2344.88,2345.1,2306.73,2330.22,2320.42,3997.65963826,6252
2026-04-23 12:00:00,2330.23,2343.81,2315.78,2334.06,2329.8,2234.65397959,4354
2026-04-23 16:00:00,2334.24,2335.88,2286.81,2313.63,2308.32,6620.0476966,6142
2026-04-23 20:00:00,2313.72,2339.04,2313.72,2330.81,2326.8,2068.11020007,3517
2026-04-24 00:00:00,2331.06,2337.88,2302.05,2308.94,2320.26,2930.52828035,3438
2026-04-24 04:00:00,2308.95,2317.18,2300.5,2310.12,2310.43,1089.14174503,2540
2026-04-24 08:00:00,2312.11,2332.93,2304.19,2328.74,2316.94,1863.37543454,3352
2026-04-24 12:00:00,2328.42,2332.0,2302.16,2324.66,2315.3,2837.36697807,4144
2026-04-24 16:00:00,2324.31,2325.4,2309.09,2322.12,2317.84,2261.55863758,3198
2026-04-24 20:00:00,2321.89,2328.96,2307.72,2315.72,2318.92,1564.97072254,2637
2026-04-25 00:00:00,2315.74,2321.77,2312.16,2318.77,2317.16,403.1022814,1627
2026-04-25 04:00:00,2318.9,2319.51,2313.86,2317.34,2316.5,239.93607564,1661
2026-04-25 08:00:00,2317.34,2323.41,2311.43,2314.28,2320.3,885.45737374,2088
2026-04-25 12:00:00,2314.36,2319.0,2298.25,2308.86,2306.21,1806.94864036,2479
2026-04-25 16:00:00,2308.87,2314.49,2301.51,2310.56,2308.93,1926.92210096,3010
2026-04-25 20:00:00,2310.52,2321.01,2309.29,2319.82,2315.69,616.8519067,2415
2026-04-26 00:00:00,2319.82,2319.99,2307.57,2310.22,2314.93,515.18944153,1798
2026-04-26 04:00:00,2310.23,2336.42,2309.54,2331.59,2328.38,1488.02678011,2226
2026-04-26 08:00:00,2331.73,2338.0,2330.25,2336.84,2334.16,560.44531586,1963
2026-04-26 12:00:00,2336.84,2352.32,2325.84,2349.51,2343.02,2790.40836182,3604
2026-04-26 16:00:00,2349.51,2376.85,2341.13,2368.23,2358.61,4410.36890249,6265
2026-04-26 20:00:00,2368.24,2380.0,2349.51,2369.5,2365.49,3481.54965352,5194
2026-04-27 00:00:00,2369.5,2404.07,2360.52,2395.05,2386.93,3647.45757515,3924
2026-04-27 04:00:00,2395.14,2396.46,2313.68,2316.79,2339.28,5190.50819719,4755
2026-04-27 08:00:00,2316.33,2325.48,2310.01,2320.32,2319.42,1081.10848182,2565
2026-04-27 12:00:00,2320.08,2329.43,2264.68,2274.15,2298.0,8231.28238164,6641
2026-04-27 16:00:00,2274.89,2292.81,2270.25,2288.24,2281.84,3821.12896621,4245
2026-04-27 20:00:00,2289.0,2307.99,2284.94,2303.5,2292.78,1630.14237182,2642
2026-04-28 00:00:00,2303.59,2310.0,2280.96,2290.56,2290.25,2245.74443594,3210
2026-04-28 04:00:00,2290.65,2296.92,2270.02,2287.22,2283.25,1237.14800473,3098
2026-04-28 08:00:00,2287.23,2291.37,2270.41,2274.45,2281.81,817.82401239,3285
2026-04-28 12:00:00,2274.46,2285.66,2256.63,2278.82,2269.14,6575.87503248,6271
2026-04-28 16:00:00,2279.56,2304.75,2273.8,2301.42,2287.8,2411.41585477,3985
2026-04-28 20:00:00,2301.43,2305.0,2283.89,2289.05,2291.14,1093.64053909,2596
2026-04-29 00:00:00,2288.78,2316.17,2279.01,2311.0,2294.66,1790.67924575,3326
2026-04-29 04:00:00,2311.49,2342.83,2309.19,2323.4,2319.78,2449.61572343,2885
2026-04-29 08:00:00,2323.14,2345.9,2320.68,2331.49,2334.46,1218.00607475,3073
2026-04-29 12:00:00,2331.5,2331.73,2263.06,2271.52,2300.91,6846.40139391,5422
2026-04-29 16:00:00,2271.73,2288.84,2220.0,2232.12,2240.21,8013.55399743,6810
2026-04-29 20:00:00,2232.38,2264.68,2230.0,2252.11,2245.83,2591.12078463,3356
2026-04-30 00:00:00,2252.12,2277.64,2235.55,2252.84,2256.42,2922.44547477,3323
2026-04-30 04:00:00,2252.48,2261.34,2230.78,2259.73,2242.76,3476.35973275,2643
2026-04-30 08:00:00,2259.57,2271.79,2251.79,2257.74,2259.73,1358.08031704,2821
2026-04-30 12:00:00,2257.74,2273.99,2241.65,2264.79,2255.48,3358.60755135,3809
2026-04-30 16:00:00,2264.75,2266.34,2250.86,2261.95,2259.57,1157.02950318,2922
2026-04-30 20:00:00,2261.16,2266.42,2251.73,2256.51,2261.44,2037.56030516,2952
2026-05-01 00:00:00,2256.99,2293.55,2256.77,2281.91,2273.03,1026.20712044,3288
2026-05-01 04:00:00,2282.02,2285.54,2271.72,2278.82,2281.69,1690.83539287,1991
2026-05-01 08:00:00,2279.05,2291.75,2276.77,2286.3,2283.13,677.7225865,1937
2026-05-01 12:00:00,2286.14,2325.18,2283.39,2307.36,2310.72,5953.05117787,5778
2026-05-01 16:00:00,2307.31,2313.97,2297.53,2305.46,2306.21,1941.82104118,3260
2026-05-01 20:00:00,2304.88,2305.45,2279.28,2295.4,2292.35,1584.15485146,2772
2026-05-02 00:00:00,2295.4,2307.76,2293.16,2304.34,2299.43,416.26226803,1662
2026-05-02 04:00:00,2304.13,2305.89,2296.61,2300.56,2302.81,421.45224471,1508
2026-05-02 08:00:00,2300.76,2307.0,2299.0,2301.73,2303.8,290.73046095,1633
2026-05-02 12:00:00,2301.74,2311.51,2301.4,2309.24,2306.91,1053.3879633,1944
2026-05-02 16:00:00,2309.15,2313.13,2304.13,2310.98,2307.86,703.44001301,2147
2026-05-02 20:00:00,2310.98,2341.44,2309.36,2316.62,2322.21,1821.86752212,3028
2026-05-03 00:00:00,2316.81,2317.24,2299.26,2301.61,2305.05,1207.94088742,2067
2026-05-03 04:00:00,2301.4,2313.26,2297.35,2309.01,2305.44,801.23511094,1519
2026-05-03 08:00:00,2309.09,2326.5,2307.57,2319.15,2317.2,778.48439571,1772
2026-05-03 12:00:00,2319.15,2332.33,2319.15,2328.03,2325.44,1638.69101561,2387
2026-05-03 16:00:00,2328.03,2338.72,2321.93,2336.19,2332.21,16083.00523437,5277
2026-05-03 20:00:00,2336.19,2355.95,2315.5,2322.47,2335.64,5242.68781415,4813
2026-05-04 00:00:00,2322.56,2390.98,2308.95,2384.7,2360.5,4393.08009781,5596
2026-05-04 04:00:00,2384.71,2398.34,2354.0,2362.45,2377.61,4167.42585529,4210
2026-05-04 08:00:00,2362.47,2370.57,2313.68,2337.03,2337.35,4966.89493387,4598
2026-05-04 12:00:00,2337.03,2381.4,2326.01,2349.03,2355.71,3491.71511026,5694
2026-05-04 16:00:00,2349.86,2379.03,2336.51,2356.32,2357.77,3267.15527082,4341
2026-05-04 20:00:00,2355.86,2365.13,2344.39,2345.82,2353.75,1493.39867492,2497
2026-05-05 00:00:00,2347.06,2388.25,2344.67,2382.06,2366.14,2499.01658338,3029
2026-05-05 04:00:00,2381.88,2390.26,2367.28,2380.48,2383.36,3199.37771198,4476
2026-05-05 08:00:00,2380.4,2384.11,2366.83,2379.46,2374.78,610.01273191,2577
2026-05-05 12:00:00,2379.69,2399.48,2369.46,2381.41,2387.07,5173.28666895,6546
2026-05-05 16:00:00,2381.41,2383.54,2359.4,2371.57,2369.16,3852.51462846,3475
2026-05-05 20:00:00,2371.62,2388.0,2353.79,2360.63,2376.38,3228.19412171,3654
2026-05-06 00:00:00,2360.64,2380.0,2354.3,2376.68,2368.19,986.45716419,2688
2026-05-06 04:00:00,2376.68,2378.43,2355.0,2370.9,2366.64,1117.14920584,2362
2026-05-06 08:00:00,2371.0,2423.0,2369.26,2409.91,2405.09,5284.39047405,6187
2026-05-06 12:00:00,2409.92,2413.0,2346.0,2358.86,2374.17,5283.16142982,6443
2026-05-06 16:00:00,2358.86,2366.33,2335.54,2348.61,2351.41,2098.52806058,4031
2026-05-06 20:00:00,2348.63,2356.57,2337.88,2351.0,2352.05,4489.25728563,3519
2026-05-07 00:00:00,2351.01,2351.95,2313.44,2322.0,2322.39,2875.75398163,3866
2026-05-07 04:00:00,2322.0,2346.63,2318.0,2344.21,2336.69,1804.54164484,2482
2026-05-07 08:00:00,2344.38,2346.0,2317.35,2329.97,2335.09,1056.23206094,3103
2026-05-07 12:00:00,2329.93,2336.61,2286.0,2294.15,2306.17,7108.97279173,5888
2026-05-07 16:00:00,2294.62,2303.98,2280.22,2295.03,2293.54,3292.5009548,5132
2026-05-07 20:00:00,2295.34,2302.52,2280.42,2290.77,2291.27,4173.06807787,3764
2026-05-08 00:00:00,2290.8,2293.73,2265.02,2279.07,2277.52,1724.78961896,2909
2026-05-08 04:00:00,2279.07,2284.3,2267.01,2281.34,2278.31,572.32317414,2180
2026-05-08 08:00:00,2281.1,2296.65,2279.61,2295.5,2288.42,833.30412283,2684
2026-05-08 12:00:00,2295.51,2301.29,2269.14,2292.0,2285.13,1703.22832714,4440
2026-05-08 16:00:00,2292.0,2320.44,2285.84,2315.0,2300.37,3446.62230504,5244
2026-05-08 20:00:00,2315.35,2318.74,2303.15,2307.12,2310.9,1464.19209119,2872
2026-05-09 00:00:00,2307.11,2320.55,2304.19,2315.49,2312.33,808.80514466,2144
2026-05-09 04:00:00,2315.23,2324.37,2310.89,2314.62,2316.05,495.02073072,1288
2026-05-09 08:00:00,2314.3,2319.84,2310.02,2314.93,2314.94,680.04188811,1428
2026-05-09 12:00:00,2314.21,2318.09,2299.0,2316.99,2304.9,2673.11735721,2621
2026-05-09 16:00:00,2317.0,2337.42,2315.33,2331.98,2326.94,2817.51549497,3895
2026-05-09 20:00:00,2331.98,2333.19,2324.12,2326.17,2329.87,828.13485126,2514
2026-05-10 00:00:00,2326.17,2332.76,2318.12,2327.23,2325.09,634.95615701,1812
2026-05-10 04:00:00,2327.44,2331.0,2325.82,2327.29,2328.11,592.2477258,1412
2026-05-10 08:00:00,2327.18,2333.66,2318.99,2322.37,2327.23,552.53516205,2282
2026-05-10 12:00:00,2322.31,2350.9,2320.44,2347.29,2330.89,3533.83435203,3312
2026-05-10 16:00:00,2347.5,2366.82,2339.97,2365.78,2360.23,7318.46336744,4852
2026-05-10 20:00:00,2365.64,2382.07,2312.06,2370.56,2350.82,10686.89181016,6680
2026-05-11 00:00:00,2371.13,2373.91,2320.0,2329.97,2357.14,5385.0693527,3412
2026-05-11 04:00:00,2329.97,2340.88,2326.11,2329.98,2333.55,1283.23282378,1966
2026-05-11 08:00:00,2330.13,2338.73,2326.5,2334.79,2332.86,709.18317131,2091
2026-05-11 12:00:00,2335.38,2338.41,2303.59,2332.64,2321.13,2637.52145435,4264
2026-05-11 16:00:00,2332.64,2343.35,2323.15,2339.93,2337.67,1477.49131891,4173
2026-05-11 20:00:00,2339.98,2344.85,2334.63,2339.4,2339.11,1344.08653008,2958
2026-05-12 00:00:00,2339.26,2340.2,2295.0,2308.69,2318.33,2812.49284315,3757
2026-05-12 04:00:00,2308.71,2313.65,2290.99,2295.0,2304.44,841.35592617,2582
2026-05-12 08:00:00,2294.16,2295.26,2278.58,2286.32,2285.98,1137.53023479,3357
2026-05-12 12:00:00,2286.35,2293.14,2256.68,2261.41,2280.23,9042.75120671,5425
2026-05-12 16:00:00,2261.14,2286.64,2256.0,2284.57,2275.26,2247.80059067,3646
2026-05-12 20:00:00,2284.58,2290.61,2273.18,2274.63,2283.1,2294.5269001,2882
2026-05-13 00:00:00,2274.53,2302.81,2273.31,2301.39,2293.72,1073.32735689,2291
2026-05-13 04:00:00,2301.42,2307.56,2295.33,2299.99,2299.38,968.80289861,1696
2026-05-13 08:00:00,2299.99,2322.57,2298.14,2301.04,2316.99,2866.02950603,2823
2026-05-13 12:00:00,2301.02,2306.42,2233.1,2236.71,2267.61,5681.02442915,6674
2026-05-13 16:00:00,2235.47,2267.01,2234.88,2255.67,2257.53,3346.82809516,4106
2026-05-13 20:00:00,2255.5,2263.58,2250.13,2257.79,2256.32,1229.26313357,2848
2026-05-14 00:00:00,2257.79,2268.81,2238.0,2241.32,2251.55,1892.29566255,2239
2026-05-14 04:00:00,2241.3,2274.0,2238.5,2264.9,2262.3,475.01573459,1885
2026-05-14 08:00:00,2264.51,2270.1,2252.05,2253.1,2257.72,613.82674685,2786
2026-05-14 12:00:00,2252.84,2298.44,2246.16,2298.39,2279.48,5250.00572473,5541
2026-05-14 16:00:00,2298.07,2318.43,2293.73,2298.26,2306.02,3565.24363712,5624
2026-05-14 20:00:00,2298.0,2301.17,2280.21,2282.72,2291.57,1192.39434034,2973
2026-05-15 00:00:00,2282.71,2299.78,2260.1,2272.9,2278.52,1683.42962256,2823
2026-05-15 04:00:00,2272.89,2273.15,2237.19,2265.01,2255.14,1617.11807717,2817
2026-05-15 08:00:00,2265.01,2265.01,2250.03,2257.01,2256.28,638.26762169,2566
2026-05-15 12:00:00,2256.88,2260.04,2203.5,2222.29,2228.02,8925.40820535,6509
2026-05-15 16:00:00,2221.92,2231.88,2218.07,2222.08,2226.29,2101.83074581,3770
2026-05-15 20:00:00,2222.18,2224.67,2213.36,2223.6,2220.82,1327.22000138,2531
2026-05-16 00:00:00,2223.6,2229.99,2222.17,2226.94,2226.71,1082.0959926,1851
2026-05-16 04:00:00,2226.95,2227.17,2180.21,2193.89,2203.06,2879.74102127,3172
2026-05-16 08:00:00,2193.78,2195.81,2162.11,2175.37,2174.39,1527.98697782,3176
2026-05-16 12:00:00,2175.37,2186.94,2171.31,2178.86,2176.11,1086.86647279,2618
2026-05-16 16:00:00,2178.93,2183.28,2169.54,2178.65,2177.99,1447.62356366,2850
2026-05-16 20:00:00,2178.65,2182.62,2178.2,2179.99,2180.6,468.63153901,2186
2026-05-17 00:00:00,2179.95,2184.38,2166.57,2180.05,2178.38,6726.44515132,5585
2026-05-17 04:00:00,2180.32,2193.41,2179.96,2185.57,2184.92,444.19656674,2076
2026-05-17 08:00:00,2185.46,2197.0,2182.22,2191.31,2191.92,452.6185917,2030
2026-05-17 12:00:00,2191.31,2197.01,2178.0,2185.26,2189.09,645.02658007,2714
2026-05-17 16:00:00,2185.34,2192.49,2176.0,2191.41,2183.43,804.19852177,3055
2026-05-17 20:00:00,2191.07,2193.21,1914.69,2129.74,2108.14,8902.51513902,7570
2026-05-18 00:00:00,2129.31,2130.46,2103.29,2117.27,2117.15,4835.66530301,3923
2026-05-18 04:00:00,2117.22,2124.71,2108.87,2120.14,2120.02,8961.83647174,3429
2026-05-18 08:00:00,2120.1,2137.96,2109.03,2132.62,2118.31,1367.5814867,2629
2026-05-18 12:00:00,2132.94,2155.79,2092.61,2105.49,2125.68,9765.7712521,6301
2026-05-18 16:00:00,2106.25,2126.97,2075.0,2122.97,2102.04,7559.63394648,6517
2026-05-18 20:00:00,2123.0,2140.91,2113.35,2128.63,2128.34,6414.166527,4451
2026-05-19 00:00:00,2128.81,2144.99,2118.09,2129.76,2134.03,1665.01485786,2814
2026-05-19 04:00:00,2129.84,2145.12,2122.11,2139.67,2139.5,3815.12324173,2460
2026-05-19 08:00:00,2139.48,2139.87,2105.76,2109.41,2120.98,1442.31918464,2776
2026-05-19 12:00:00,2108.95,2125.08,2092.13,2108.28,2109.63,4886.69048782,4152
2026-05-19 16:00:00,2108.29,2122.56,2105.42,2110.89,2116.35,5889.48055219,3596
2026-05-19 20:00:00,2110.89,2118.78,2101.0,2109.86,2110.0,1313.95803692,2382
2026-05-20 00:00:00,2109.86,2116.41,2101.24,2109.72,2108.04,1575.30596326,2410
2026-05-20 04:00:00,2109.72,2133.98,2105.81,2127.08,2128.84,4020.55831375,2773
2026-05-20 08:00:00,2127.08,2135.0,2122.43,2126.3,2130.48,956.236608,1577
2026-05-20 12:00:00,2126.04,2147.16,2112.24,2134.6,2129.88,3698.88017738,3374
2026-05-20 16:00:00,2134.77,2145.87,2122.45,2137.36,2136.96,3341.89423613,3191
2026-05-20 20:00:00,2137.15,2138.64,2116.36,2127.3,2128.79,942.48148373,2244
2026-05-21 00:00:00,2127.39,2155.0,2126.1,2143.86,2140.84,1973.06007055,2510
2026-05-21 04:00:00,2143.69,2146.76,2122.26,2132.94,2134.75,811.95607761,1879
2026-05-21 08:00:00,2133.04,2145.98,2107.14,2113.08,2120.38,2648.1177319,2516
2026-05-21 12:00:00,2113.08,2135.88,2103.07,2130.22,2119.45,4230.72590664,4003
2026-05-21 16:00:00,2130.23,2151.5,2120.0,2140.37,2135.86,2164.00901471,3800
2026-05-21 20:00:00,2140.98,2141.27,2125.0,2131.98,2136.77,3160.34908849,2653
2026-05-22 00:00:00,2131.85,2138.91,2123.83,2135.72,2131.31,761.46890031,1754
2026-05-22 04:00:00,2135.76,2138.91,2120.21,2126.37,2129.21,328.94214738,1550
2026-05-22 08:00:00,2126.38,2130.59,2116.71,2127.74,2121.4,828.24918908,1708
2026-05-22 12:00:00,2128.25,2135.7,2110.98,2117.21,2119.92,4851.78619105,3803
2026-05-22 16:00:00,2117.12,2127.62,2055.64,2062.55,2086.58,5365.77323134,6379
2026-05-22 20:00:00,2063.29,2077.19,2055.67,2063.58,2069.84,2801.76727652,3792
2026-05-23 00:00:00,2063.54,2068.91,2050.01,2068.42,2063.07,976.71599584,2602
2026-05-23 04:00:00,2068.51,2068.51,2001.74,2026.22,2030.38,4771.98360981,4099
2026-05-23 08:00:00,2026.15,2033.04,2018.8,2029.38,2025.38,1049.72714965,2423
2026-05-23 12:00:00,2029.36,2065.91,2025.18,2058.12,2045.05,2904.34502345,3196
2026-05-23 16:00:00,2057.92,2080.54,2054.95,2074.82,2070.41,2259.23172404,3122
2026-05-23 20:00:00,2075.8,2147.52,2072.19,2115.28,2119.6,4884.04442861,5747
2026-05-24 00:00:00,2115.28,2124.0,2110.43,2116.71,2119.2,1112.30798676,2229
2026-05-24 04:00:00,2116.63,2127.0,2111.6,2117.83,2118.85,508.9858714,1591
2026-05-24 08:00:00,2118.44,2127.85,2116.7,2122.79,2120.41,610.52699445,1812
2026-05-24 12:00:00,2122.8,2122.8,2075.82,2092.99,2095.54,2985.81745191,3449
2026-05-24 16:00:00,2093.0,2105.54,2092.86,2098.12,2099.32,6208.97318946,3554
2026-05-24 20:00:00,2098.11,2103.8,2060.78,2097.46,2087.87,2917.94004142,3533
2026-05-25 00:00:00,2097.36,2110.74,2089.92,2092.99,2101.14,2124.00942988,2544
2026-05-25 04:00:00,2093.07,2116.01,2089.92,2114.36,2109.12,12953.95090023,5444
2026-05-25 08:00:00,2114.47,2122.48,2109.61,2113.21,2114.47,900.58159431,2129
2026-05-25 12:00:00,2113.21,2135.94,2110.48,2125.24,2122.8,1762.14548274,2802
2026-05-25 16:00:00,2125.19,2139.33,2115.0,2119.66,2125.76,988.51100225,3772
2026-05-25 20:00:00,2119.62,2121.12,2100.39,2111.05,2109.94,706.76733226,2680
2026-05-26 00:00:00,2110.97,2111.9,2082.89,2091.14,2096.33,2312.61102733,2803
2026-05-26 04:00:00,2091.17,2101.86,2086.72,2093.47,2091.75,1709.29424841,1982
2026-05-26 08:00:00,2093.13,2134.41,2092.22,2118.65,2114.43,911.91832123,2118
2026-05-26 12:00:00,2118.61,2138.18,2076.24,2085.38,2116.36,4612.42009561,4530
2026-05-26 16:00:00,2084.67,2087.17,2052.53,2071.04,2069.57,3084.95844611,4786
2026-05-26 20:00:00,2071.09,2075.64,2062.88,2070.8,2069.88,1234.94009621,2471
2026-05-27 00:00:00,2070.91,2080.95,2066.12,2067.09,2072.73,1542.98394129,2326
2026-05-27 04:00:00,2066.79,2081.03,2053.67,2080.7,2063.69,1140.45926891,1902
2026-05-27 08:00:00,2080.53,2093.32,2075.3,2076.63,2082.77,771.27910573,1977
2026-05-27 12:00:00,2077.29,2093.43,2048.14,2068.09,2064.84,4113.66039247,4295
2026-05-27 16:00:00,2068.05,2070.76,2040.04,2053.97,2054.54,3348.19516784,3556
2026-05-27 20:00:00,2053.58,2061.89,2013.0,2021.81,2028.49,3358.01876146,4233
2026-05-28 00:00:00,2021.72,2025.87,1968.14,1978.04,1992.29,6524.46001695,6013
2026-05-28 04:00:00,1978.2,1992.9,1964.34,1991.73,1977.01,2911.80541613,3710
2026-05-28 08:00:00,1991.74,1994.67,1981.39,1986.4,1987.19,1380.7045936,2275
2026-05-28 12:00:00,1986.31,1999.06,1964.66,1987.25,1984.67,7129.02932818,5110
2026-05-28 16:00:00,1987.41,2027.41,1981.91,2011.06,2014.84,4714.34416473,5243
2026-05-28 20:00:00,2011.54,2021.44,2002.57,2006.96,2006.95,4074.11779861,5043
2026-05-29 00:00:00,2006.93,2014.14,1994.74,1999.88,2008.13,2368.34264357,3927
2026-05-29 04:00:00,1999.98,2018.89,1995.12,2004.69,2008.72,945.26552719,2486
2026-05-29 08:00:00,2004.68,2013.07,2000.06,2004.64,2008.86,731.25303771,2768
2026-05-29 12:00:00,2004.65,2043.0,1974.05,2028.04,2006.4,11416.66558889,7254
2026-05-29 16:00:00,2028.38,2040.88,2002.03,2014.28,2022.24,8517.52186713,6197
2026-05-29 20:00:00,2014.46,2020.99,2004.17,2011.61,2014.95,4728.01105454,4591
2026-05-30 00:00:00,2011.65,2020.88,2008.01,2013.89,2015.25,3254.44684719,2865
2026-05-30 04:00:00,2013.98,2017.22,1999.65,2013.53,2010.06,1472.70716238,2370
2026-05-30 08:00:00,2013.59,2019.15,2011.04,2014.6,2014.49,525.2304119,1475
2026-05-30 12:00:00,2014.68,2028.94,2014.29,2023.49,2023.18,807.70975364,2308
2026-05-30 16:00:00,2023.58,2026.98,2016.71,2025.56,2023.07,1231.29223402,2220
2026-05-30 20:00:00,2025.57,2028.01,2017.15,2019.12,2021.7,1235.12973196,2303
2026-05-31 00:00:00,2019.32,2034.71,2017.59,2030.38,2028.32,1113.37124591,2951
2026-05-31 04:00:00,2030.42,2031.58,2020.0,2020.99,2026.19,522.51236525,1966
2026-05-31 08:00:00,2020.99,2025.99,2012.9,2020.18,2020.01,1008.39569913,2535
2026-05-31 12:00:00,2020.12,2023.18,2003.07,2007.7,2011.98,2261.16678441,3250
2026-05-31 16:00:00,2007.69,2009.29,1991.58,1996.84,1999.11,1918.52985929,3179
2026-05-31 20:00:00,1996.82,2019.75,1996.82,2004.09,2005.67,1236.4102087,2728
2026-06-01 00:00:00,2004.07,2017.99,1989.01,2006.56,2005.16,2984.62394684,3701
2026-06-01 04:00:00,2006.44,2009.27,1969.15,1974.24,1984.94,1458.59186652,3975
2026-06-01 08:00:00,1974.02,1987.47,1969.37,1978.75,1978.64,1846.23092859,3856
2026-06-01 12:00:00,1979.52,1991.45,1955.14,1965.5,1969.65,5582.91976442,7244
2026-06-01 16:00:00,1965.49,2005.88,1955.55,2001.99,1989.21,7382.74620489,6514
2026-06-01 20:00:00,2001.98,2005.99,1981.69,2003.99,1996.39,2211.80365387,4271
2026-06-02 00:00:00,2003.94,2004.1,1959.96,2001.07,1984.86,2752.65189513,3712
2026-06-02 04:00:00,2000.98,2003.33,1971.54,1979.11,1983.83,1636.2851419,2745
2026-06-02 08:00:00,1979.13,1985.81,1964.04,1976.0,1972.92,2547.45655627,2867
2026-06-02 12:00:00,1975.79,1980.0,1888.0,1912.19,1932.39,10559.13747742,9961
2026-06-02 16:00:00,1911.85,1940.0,1879.61,1909.6,1915.49,13617.35149602,8659
2026-06-02 20:00:00,1909.33,1915.55,1836.76,1857.22,1875.48,7560.42631193,9455
2026-06-03 00:00:00,1857.22,1871.64,1815.19,1825.5,1850.45,6828.74790149,7362
2026-06-03 04:00:00,1825.65,1881.29,1825.64,1875.94,1866.55,6150.17027651,5435
2026-06-03 08:00:00,1875.91,1889.46,1867.57,1875.55,1878.04,1755.28806836,3518
2026-06-03 12:00:00,1875.55,1877.31,1833.76,1834.22,1857.42,4347.98375399,6237
2026-06-03 16:00:00,1834.59,1841.65,1794.23,1800.99,1820.21,5131.85185511,7905
2026-06-03 20:00:00,1800.81,1848.75,1767.33,1810.58,1815.11,9256.3835053,9539
2026-06-04 00:00:00,1810.52,1818.41,1716.0,1807.03,1771.69,12222.66183568,13076
2026-06-04 04:00:00,1806.99,1815.94,1771.45,1775.87,1789.74,2813.54847215,5581
2026-06-04 08:00:00,1775.62,1780.87,1728.2,1749.51,1749.09,8370.51270205,6018
2026-06-04 12:00:00,1749.41,1791.93,1742.51,1775.7,1772.95,3540.06330744,6811
2026-06-04 16:00:00,1775.02,1784.66,1752.33,1775.02,1770.46,4522.05752667,5783
2026-06-04 20:00:00,1774.08,1780.96,1751.27,1768.9,1765.68,2063.35954955,4598
2026-06-05 00:00:00,1768.61,1772.18,1720.75,1727.43,1739.68,2670.93018171,5035
2026-06-05 04:00:00,1727.99,1745.2,1623.37,1677.74,1665.66,15617.55329136,12373
2026-06-05 08:00:00,1677.84,1688.09,1659.07,1662.08,1673.43,5562.52467757,5085
2026-06-05 12:00:00,1662.09,1675.82,1571.49,1582.93,1614.52,12832.0421602,13620
2026-06-05 16:00:00,1582.6,1612.15,1539.72,1573.57,1571.26,16851.9031285,14730
2026-06-05 20:00:00,1573.06,1619.07,1556.56,1583.16,1592.5,13165.87501039,9463
2026-06-06 00:00:00,1582.96,1600.42,1555.56,1563.11,1582.59,2357.28000439,4728
2026-06-06 04:00:00,1563.02,1580.61,1505.75,1574.27,1546.42,9583.19695693,9908
2026-06-06 08:00:00,1574.39,1592.45,1534.78,1557.64,1560.4,2921.12142662,4645
2026-06-06 12:00:00,1557.99,1575.17,1544.93,1559.45,1558.16,2314.65453629,4712
2026-06-06 16:00:00,1559.51,1565.52,1546.0,1553.85,1557.19,3200.75910267,4599
2026-06-06 20:00:00,1553.79,1569.19,1550.31,1568.99,1557.99,1726.70337609,4519
2026-06-07 00:00:00,1568.94,1600.0,1563.3,1593.93,1585.39,3415.1038968,5168
2026-06-07 04:00:00,1594.22,1622.21,1584.72,1614.54,1606.14,3252.56476893,4970
2026-06-07 08:00:00,1614.72,1648.01,1608.02,1629.52,1630.25,4575.57467947,5797
2026-06-07 12:00:00,1629.45,1639.1,1606.79,1629.3,1622.17,9045.59782783,5874
2026-06-07 16:00:00,1629.3,1638.8,1603.93,1612.85,1628.9,12102.58263443,6152
2026-06-07 20:00:00,1612.44,1719.0,1608.87,1690.22,1669.21,12596.03547896,8758
2026-06-08 00:00:00,1689.82,1711.05,1670.87,1678.78,1686.97,7599.52477777,5849
2026-06-08 04:00:00,1678.79,1680.01,1644.64,1672.32,1666.04,4205.33358868,4770
2026-06-08 08:00:00,1672.25,1695.84,1656.32,1683.07,1672.07,2843.18643936,4383
2026-06-08 12:00:00,1682.6,1705.15,1666.38,1690.22,1687.31,4571.78617797,6446
2026-06-08 16:00:00,1690.7,1702.91,1674.88,1684.45,1686.73,6676.46346704,5816
2026-06-08 20:00:00,1684.48,1713.33,1678.74,1689.91,1696.75,5308.24041832,4969
2026-06-09 00:00:00,1689.81,1695.94,1654.12,1668.84,1664.98,7707.87145436,5268
2026-06-09 04:00:00,1668.7,1695.0,1664.0,1678.79,1682.1,3413.35355547,4431
2026-06-09 08:00:00,1679.12,1679.75,1664.53,1671.54,1671.84,1607.95652736,3322
2026-06-09 12:00:00,1670.8,1682.72,1633.12,1635.96,1648.77,16851.14479681,8476
2026-06-09 16:00:00,1635.37,1657.16,1613.08,1656.18,1635.02,8413.46794025,7720
2026-06-09 20:00:00,1656.16,1662.05,1629.5,1638.31,1651.17,3903.98665212,4323
2026-06-10 00:00:00,1638.31,1645.92,1620.71,1629.41,1634.12,3355.34220957,3657
2026-06-10 04:00:00,1629.41,1642.03,1615.26,1638.88,1632.49,10450.63572767,3808
2026-06-10 08:00:00,1638.73,1639.75,1604.53,1618.65,1621.59,4498.78837908,3662
2026-06-10 12:00:00,1618.7,1666.74,1614.48,1656.59,1648.53,6984.27561537,6805
2026-06-10 16:00:00,1656.66,1657.21,1621.16,1628.41,1630.81,5248.85708541,5847
2026-06-10 20:00:00,1627.77,1634.3,1602.91,1620.37,1616.68,6011.61255676,5443
2026-06-11 00:00:00,1620.01,1659.02,1620.01,1651.35,1641.12,2438.18942992,4606
2026-06-11 04:00:00,1651.76,1661.0,1644.3,1652.68,1652.68,1296.42306095,3122
2026-06-11 08:00:00,1652.68,1673.03,1652.2,1665.07,1656.34,4484.89454479,3581
2026-06-11 12:00:00,1665.03,1665.3,1634.11,1643.53,1645.37,7163.37951659,6591
2026-06-11 16:00:00,1643.53,1691.84,1631.07,1679.82,1667.52,7225.02111844,8226
2026-06-11 20:00:00,1680.04,1682.01,1665.79,1671.53,1674.18,2504.00779161,3992
2026-06-12 00:00:00,1671.6,1680.62,1659.51,1670.59,1674.83,3164.6690525,3296
2026-06-12 04:00:00,1670.59,1679.13,1650.35,1660.25,1665.44,1563.1604616,3011
2026-06-12 08:00:00,1659.92,1683.14,1659.92,1672.08,1675.4,909.02769891,2892
2026-06-12 12:00:00,1672.08,1689.66,1651.42,1658.9,1668.23,3547.7617058,5893
2026-06-12 16:00:00,1658.92,1676.83,1656.68,1665.34,1666.63,2605.44332259,4977
2026-06-12 20:00:00,1665.11,1667.17,1658.59,1665.21,1663.62,4428.14301125,4170
2026-06-13 00:00:00,1665.32,1674.76,1662.27,1664.16,1666.17,1828.48691789,3180
2026-06-13 04:00:00,1664.35,1675.99,1661.49,1675.14,1665.22,2518.81478035,2903
2026-06-13 08:00:00,1675.21,1678.91,1671.75,1677.41,1674.7,952.01566996,2247
2026-06-13 12:00:00,1677.41,1684.94,1675.95,1681.43,1679.02,2307.3475937,2750
2026-06-13 16:00:00,1681.43,1681.63,1670.47,1678.01,1674.24,3002.41611277,3679
2026-06-13 20:00:00,1678.01,1696.32,1673.68,1680.48,1680.18,3903.44021028,3459
2026-06-14 00:00:00,1680.35,1688.99,1678.03,1680.87,1682.82,2340.57208007,2898
2026-06-14 04:00:00,1680.98,1681.31,1672.92,1675.02,1676.12,1323.04150722,2362
2026-06-14 08:00:00,1675.03,1677.63,1668.01,1672.94,1674.41,438.83065458,2059
2026-06-14 12:00:00,1672.94,1673.51,1653.69,1661.97,1662.62,1050.48689645,3606
2026-06-14 16:00:00,1661.9,1666.91,1657.83,1664.27,1662.62,915.9516689,3051
2026-06-14 20:00:00,1664.28,1731.63,1661.6,1725.08,1708.13,8321.21548461,6086
2026-06-15 00:00:00,1725.1,1730.98,1708.57,1719.61,1720.15,3684.54986776,3494
2026-06-15 04:00:00,1719.97,1722.47,1714.91,1715.51,1716.81,2798.88062257,3239
2026-06-15 08:00:00,1715.49,1766.77,1711.02,1763.67,1739.16,6135.88172984,5215
2026-06-15 12:00:00,1763.76,1848.02,1759.6,1843.81,1816.9,15507.15191091,9735
2026-06-15 16:00:00,1844.0,1846.39,1811.12,1820.56,1830.53,10473.80673278,6885
2026-06-15 20:00:00,1820.87,1825.28,1782.09,1795.36,1798.96,7479.69016485,5725
2026-06-16 00:00:00,1795.37,1800.75,1763.89,1778.22,1786.28,9258.82948435,10465
2026-06-16 04:00:00,1778.19,1782.23,1757.74,1772.84,1764.72,3365.06481446,4092
2026-06-16 08:00:00,1772.87,1806.32,1772.29,1797.88,1790.38,2886.40831793,3463
2026-06-16 12:00:00,1798.38,1837.9,1762.78,1781.23,1795.08,6604.01676816,7075
2026-06-16 16:00:00,1781.23,1806.84,1772.05,1792.69,1790.6,6347.97167297,5408
2026-06-16 20:00:00,1793.49,1798.48,1786.02,1791.29,1790.74,11633.65245595,4833
2026-06-17 00:00:00,1792.17,1808.8,1777.82,1791.87,1788.49,2705.69364649,2564
2026-06-17 04:00:00,1792.11,1799.95,1777.71,1783.51,1788.79,1065.45314548,2518
2026-06-17 08:00:00,1783.29,1784.75,1758.07,1762.52,1768.44,1369.44798189,2262
2026-06-17 12:00:00,1762.65,1775.46,1740.72,1772.04,1759.74,7155.81034246,5204
2026-06-17 16:00:00,1771.94,1794.11,1728.06,1733.4,1762.22,8013.90812767,6292
2026-06-17 20:00:00,1733.02,1749.52,1724.8,1748.99,1738.06,3773.41418367,2944
2026-06-18 00:00:00,1748.97,1761.2,1740.01,1742.0,1750.21,1228.55784265,2270
2026-06-18 04:00:00,1742.38,1751.5,1720.51,1748.0,1733.24,1664.30013075,2207
2026-06-18 08:00:00,1747.95,1751.51,1737.6,1741.53,1743.48,823.74187894,1706
2026-06-18 12:00:00,1741.51,1750.81,1677.82,1680.15,1712.61,7139.15056402,5221
2026-06-18 16:00:00,1679.95,1705.0,1669.56,1702.94,1683.44,5313.11136926,5029
2026-06-18 20:00:00,1703.38,1714.42,1698.01,1709.09,1705.9,1794.28739622,2406
2026-06-19 00:00:00,1709.03,1717.71,1680.26,1695.82,1696.65,2627.21345134,2633
2026-06-19 04:00:00,1695.76,1701.7,1684.92,1693.81,1694.31,761.29225312,1713
2026-06-19 08:00:00,1694.14,1697.62,1685.5,1689.97,1689.7,864.76882261,1483
2026-06-19 12:00:00,1690.3,1710.48,1678.0,1706.11,1698.6,1916.62250062,3009
2026-06-19 16:00:00,1706.11,1709.97,1692.35,1699.73,1704.15,2256.87863153,2434
2026-06-19 20:00:00,1699.63,1713.28,1697.29,1709.67,1707.5,1599.29880991,1978
2026-06-20 00:00:00,1709.46,1715.66,1702.42,1706.52,1708.62,860.87609255,1482
2026-06-20 04:00:00,1706.46,1730.87,1704.85,1724.01,1724.25,2971.23673466,2051
2026-06-20 08:00:00,1724.22,1729.67,1719.76,1725.65,1724.97,596.33164944,1173
2026-06-20 12:00:00,1725.65,1747.05,1706.76,1738.65,1731.35,2192.20215634,2999
2026-06-20 16:00:00,1739.13,1739.13,1719.07,1727.28,1727.93,1145.13118637,2084
2026-06-20 20:00:00,1727.18,1743.86,1724.61,1739.0,1736.35,756.68364954,1747
2026-06-21 00:00:00,1739.0,1739.05,1731.62,1736.26,1734.53,823.08231392,1580
2026-06-21 04:00:00,1735.88,1738.57,1728.43,1730.13,1730.62,981.74918295,1197
2026-06-21 08:00:00,1730.14,1734.91,1717.0,1722.5,1727.48,695.97414753,1299
2026-06-21 12:00:00,1722.99,1730.0,1715.21,1729.01,1724.56,1103.12330573,1960
2026-06-21 16:00:00,1729.0,1739.2,1719.54,1732.33,1731.13,7345.33989973,2826
2026-06-21 20:00:00,1732.44,1733.48,1700.2,1704.98,1711.54,3764.38547115,2926
2026-06-22 00:00:00,1704.99,1760.12,1704.99,1728.14,1740.23,2771.82328611,2604
2026-06-22 04:00:00,1728.13,1749.02,1725.69,1744.31,1739.07,2174.89023512,1806
2026-06-22 08:00:00,1744.93,1772.86,1741.5,1766.06,1754.4,1612.4814287,1969
2026-06-22 12:00:00,1766.25,1777.82,1740.8,1742.91,1763.93,5822.4034479,3701
2026-06-22 16:00:00,1743.16,1745.28,1727.93,1732.93,1735.33,3419.08428957,2999
2026-06-22 20:00:00,1732.21,1737.53,1715.54,1726.64,1725.46,2630.30560506,2469
2026-06-23 00:00:00,1726.12,1734.46,1718.68,1727.88,1727.22,2109.71304321,1872
2026-06-23 04:00:00,1727.88,1728.97,1679.73,1681.08,1702.6,4908.72654402,3198
2026-06-23 08:00:00,1680.94,1682.63,1633.1,1658.91,1654.35,6875.97595011,3908
2026-06-23 12:00:00,1658.93,1669.54,1643.33,1657.29,1656.14,5842.78535464,3435
2026-06-23 16:00:00,1657.33,1671.46,1648.13,1660.64,1657.84,3686.56688342,2556
2026-06-23 20:00:00,1660.45,1670.95,1657.96,1665.12,1662.32,2992.77545965,2121
2026-06-24 00:00:00,1665.12,1677.83,1656.01,1664.36,1670.11,5101.76501984,2718
2026-06-24 04:00:00,1664.74,1677.19,1656.44,1670.54,1663.43,3043.64586089,1379
2026-06-24 08:00:00,1671.28,1689.37,1654.0,1676.03,1675.31,2947.45173351,2046
2026-06-24 12:00:00,1677.38,1678.94,1614.25,1616.59,1644.6,13618.85130056,5501
2026-06-24 16:00:00,1615.9,1633.43,1551.12,1582.17,1582.6,14040.5286674,9145
2026-06-24 20:00:00,1581.89,1626.94,1576.59,1619.85,1604.74,5222.11922562,3699
2026-06-25 00:00:00,1619.86,1623.77,1612.33,1616.86,1617.17,1423.49054207,2014
2026-06-25 04:00:00,1617.07,1657.06,1614.68,1654.33,1642.08,2439.17046847,2535
2026-06-25 08:00:00,1654.86,1656.01,1626.04,1630.8,1637.99,1289.47040411,1795
2026-06-25 12:00:00,1631.07,1647.25,1530.0,1567.68,1581.52,15786.88758008,8712
2026-06-25 16:00:00,1567.97,1585.15,1552.64,1556.69,1567.05,5010.92916555,3986
2026-06-25 20:00:00,1557.75,1580.99,1554.45,1565.05,1568.22,3954.44543634,2965
2026-06-26 00:00:00,1565.17,1569.16,1510.0,1555.46,1527.57,16084.76548644,6773
2026-06-26 04:00:00,1555.68,1583.46,1541.71,1579.31,1560.68,2958.37150582,3210
2026-06-26 08:00:00,1578.47,1579.75,1538.81,1542.89,1555.18,3504.72517348,3686
2026-06-26 12:00:00,1542.94,1585.02,1520.0,1578.3,1558.58,7869.80634237,6050
2026-06-26 16:00:00,1578.03,1591.7,1568.06,1572.71,1576.66,6341.90355096,3929
2026-06-26 20:00:00,1572.71,1580.5,1565.86,1576.45,1574.24,2287.52674527,2489
2026-06-27 00:00:00,1576.47,1584.4,1569.36,1578.25,1577.59,2846.82880929,2045
2026-06-27 04:00:00,1578.26,1584.19,1573.02,1583.25,1578.58,397.52075858,1262
2026-06-27 08:00:00,1583.36,1583.73,1576.76,1581.5,1580.89,1549.81434282,1347
2026-06-27 12:00:00,1581.51,1608.55,1578.86,1603.08,1596.4,5886.83998955,2956
2026-06-27 16:00:00,1603.1,1605.53,1571.01,1575.97,1585.59,4741.52020656,3062
2026-06-27 20:00:00,1575.98,1582.65,1560.01,1571.61,1574.71,4055.83829243,2736
2026-06-28 00:00:00,1571.67,1578.1,1567.4,1572.74,1572.97,3486.92309355,1782
2026-06-28 04:00:00,1572.84,1574.76,1560.4,1573.47,1567.79,2459.75716266,1496
2026-06-28 08:00:00,1573.68,1583.22,1571.0,1580.5,1579.84,2588.07914573,1418
2026-06-28 12:00:00,1580.67,1585.8,1572.46,1578.44,1578.93,1418.56572055,1911
2026-06-28 16:00:00,1578.69,1579.05,1555.0,1562.48,1566.65,5563.57880728,2731
2026-06-28 20:00:00,1562.34,1579.06,1546.26,1569.49,1564.55,3505.66842214,2939
2026-06-29 00:00:00,1569.72,1585.9,1549.0,1581.81,1571.35,2740.57131113,2864
2026-06-29 04:00:00,1582.3,1586.06,1560.05,1578.2,1575.8,1001.4118066,1558
2026-06-29 08:00:00,1578.21,1584.42,1567.95,1572.82,1573.45,1448.11290055,2002
2026-06-29 12:00:00,1572.54,1595.0,1554.71,1577.51,1576.19,6563.71452325,4682
2026-06-29 16:00:00,1577.59,1634.48,1571.42,1623.12,1616.39,10772.49089773,5566
2026-06-29 20:00:00,1623.08,1624.03,1605.45,1610.44,1613.26,3237.55554645,2712
2026-06-30 00:00:00,1610.83,1611.82,1584.42,1585.11,1592.11,3324.75179195,2446
2026-06-30 04:00:00,1585.01,1593.07,1577.15,1589.72,1586.14,1287.15323364,1681
2026-06-30 08:00:00,1590.12,1591.99,1573.56,1575.52,1584.36,1451.3257946,1815
2026-06-30 12:00:00,1576.09,1576.09,1548.31,1562.19,1560.55,13228.41513391,5479
2026-06-30 16:00:00,1562.77,1579.78,1559.77,1577.27,1571.53,3591.70825833,2727
2026-06-30 20:00:00,1577.94,1580.68,1563.85,1569.91,1569.42,2905.58983609,2365
2026-07-01 00:00:00,1569.79,1596.21,1551.13,1592.15,1572.13,12731.01416816,3551
2026-07-01 04:00:00,1592.35,1600.99,1568.98,1576.25,1591.76,5144.66761698,2416
2026-07-01 08:00:00,1576.26,1582.7,1565.51,1568.18,1575.33,2647.46511141,1878
2026-07-01 12:00:00,1568.09,1628.83,1563.76,1618.94,1601.67,6221.69744122,5603
2026-07-01 16:00:00,1618.94,1626.1,1606.06,1616.6,1618.44,8453.35757424,5156
2026-07-01 20:00:00,1616.3,1643.71,1606.28,1607.9,1623.61,10075.77108337,6005
2026-07-02 00:00:00,1607.64,1640.0,1595.71,1638.38,1616.98,8059.8234708,5049
2026-07-02 04:00:00,1637.65,1637.87,1612.89,1613.85,1625.13,1555.52318236,3598
2026-07-02 08:00:00,1614.22,1652.4,1613.16,1648.67,1636.53,3583.86064979,4422
2026-07-02 12:00:00,1647.57,1723.01,1645.71,1695.19,1685.97,12467.75065343,7950
2026-07-02 16:00:00,1695.3,1705.27,1685.01,1698.71,1698.55,3277.59418008,3926
2026-07-02 20:00:00,1698.41,1704.98,1690.36,1698.69,1697.54,3456.5383002,3926
2026-07-03 00:00:00,1699.07,1718.91,1692.83,1704.42,1709.87,7708.34174788,3846
2026-07-03 04:00:00,1704.38,1721.02,1701.0,1716.72,1714.82,5232.49209842,2947
2026-07-03 08:00:00,1715.87,1746.56,1714.5,1740.94,1729.54,4073.33399335,3693
2026-07-03 12:00:00,1740.66,1750.74,1727.42,1729.46,1735.39,3944.93716891,3658
2026-07-03 16:00:00,1729.53,1750.62,1726.47,1744.23,1738.89,1943.53269221,2936
2026-07-03 20:00:00,1744.23,1773.11,1742.12,1757.04,1757.86,5933.51961381,4096
2026-07-04 00:00:00,1756.3,1762.0,1742.93,1752.28,1749.9,968.72992627,1923
2026-07-04 04:00:00,1752.28,1762.31,1750.17,1756.76,1755.52,939.59162471,1721
2026-07-04 08:00:00,1756.66,1763.29,1753.35,1756.6,1757.31,1263.94350766,1596
2026-07-04 12:00:00,1756.54,1796.41,1756.39,1789.59,1779.79,5619.57524073,4322
2026-07-04 16:00:00,1789.79,1805.52,1777.69,1791.33,1788.79,4407.02116584,4028
2026-07-04 20:00:00,1791.2,1793.97,1771.01,1778.72,1780.94,2389.15613221,2511
2026-07-05 00:00:00,1778.72,1779.07,1755.98,1759.84,1763.87,1903.98287444,2209
2026-07-05 04:00:00,1759.99,1770.56,1758.52,1770.41,1764.51,883.46361437,1361
2026-07-05 08:00:00,1768.7,1771.06,1747.15,1758.43,1756.39,1324.05040524,1770
2026-07-05 12:00:00,1758.72,1779.01,1754.83,1773.01,1768.44,2555.53073299,2362
2026-07-05 16:00:00,1773.18,1784.35,1768.65,1779.82,1779.53,6195.7976493,3402
2026-07-05 20:00:00,1779.85,1806.34,1768.32,1784.48,1789.45,4236.6975611,14747
2026-07-06 00:00:00,1784.41,1797.0,1771.0,1777.82,1782.56,1757.0274099,2962
2026-07-06 04:00:00,1778.0,1782.57,1763.74,1770.67,1768.06,3792.77614791,2610
2026-07-06 08:00:00,1770.66,1775.7,1754.07,1758.47,1766.68,2267.30530728,2660
2026-07-06 12:00:00,1757.99,1787.62,1727.93,1786.76,1749.29,5875.5213667,5901
2026-07-06 16:00:00,1787.09,1803.56,1781.39,1791.59,1791.15,4730.65626537,4907
2026-07-06 20:00:00,1791.2,1834.73,1786.25,1798.55,1809.34,7365.57070348,5655
2026-07-07 00:00:00,1798.49,1808.62,1768.1,1770.02,1790.03,5412.2027808,4100
2026-07-07 04:00:00,1769.86,1780.82,1756.4,1769.66,1769.4,1886.72477693,2737
2026-07-07 08:00:00,1769.84,1783.22,1766.9,1779.01,1776.66,1335.36348098,2155
2026-07-07 12:00:00,1779.19,1801.52,1759.42,1795.67,1782.32,6019.53176468,5066
2026-07-07 16:00:00,1795.77,1810.52,1772.76,1789.33,1788.78,5633.71925893,4802
2026-07-07 20:00:00,1789.14,1791.99,1764.62,1769.69,1776.41,2290.04478145,3208
2026-07-08 00:00:00,1769.7,1783.52,1739.29,1749.73,1755.72,5658.64495281,4463
2026-07-08 04:00:00,1750.34,1757.81,1743.98,1755.96,1751.9,2207.89439306,3080
2026-07-08 08:00:00,1755.34,1756.97,1724.27,1746.4,1737.08,5013.21454233,4225
2026-07-08 12:00:00,1746.4,1749.98,1711.44,1721.32,1729.63,7582.29180375,5610
2026-07-08 16:00:00,1721.14,1745.01,1721.13,1739.82,1732.21,4081.30216647,5044
2026-07-08 20:00:00,1739.67,1743.04,1730.41,1742.03,1735.88,1999.46660771,2877
2026-07-09 00:00:00,1742.0,1754.0,1720.74,1728.75,1733.49,4476.20071573,3816
2026-07-09 04:00:00,1729.04,1760.53,1729.03,1751.7,1745.2,1525.03036038,3013
2026-07-09 08:00:00,1751.76,1757.1,1739.72,1742.45,1749.04,1069.85954324,2338
2026-07-09 12:00:00,1742.55,1750.01,1731.42,1737.95,1741.04,3982.26644891,4017
2026-07-09 16:00:00,1737.94,1758.0,1730.74,1747.09,1744.99,1863.76207107,3248
2026-07-09 20:00:00,1747.15,1749.58,1740.67,1743.93,1746.31,1654.76626756,2494
2026-07-10 00:00:00,1743.94,1778.37,1735.0,1774.56,1758.66,4401.32966907,3561
2026-07-10 04:00:00,1774.56,1778.81,1766.01,1772.14,1771.02,1826.49089209,2042
2026-07-10 08:00:00,1772.2,1801.1,1771.7,1799.89,1790.06,3339.39714712,3083
2026-07-10 12:00:00,1799.9,1809.93,1771.84,1789.18,1793.64,8640.65757299,5109
2026-07-10 16:00:00,1789.29,1797.58,1779.97,1791.33,1789.24,2022.43622391,2872
2026-07-10 20:00:00,1791.67,1796.77,1788.24,1795.54,1792.11,2056.30517689,2569
2026-07-11 00:00:00,1795.63,1797.26,1785.77,1795.68,1791.27,2673.63376286,1990
2026-07-11 04:00:00,1795.46,1801.77,1793.72,1798.28,1797.87,3288.65203521,2132
2026-07-11 08:00:00,1798.58,1801.9,1793.82,1798.78,1800.03,1368.95677855,1390
2026-07-11 12:00:00,1798.78,1825.98,1796.88,1813.47,1814.04,4462.40045005,3605
2026-07-11 16:00:00,1813.48,1828.44,1809.65,1822.86,1819.49,5645.70397569,3399
2026-07-11 20:00:00,1822.87,1827.78,1785.53,1786.52,1807.99,6010.28187309,3560
2026-07-12 00:00:00,1786.67,1812.51,1778.61,1810.13,1791.44,3785.83204158,2939
2026-07-12 04:00:00,1810.39,1811.34,1787.85,1797.48,1797.7,1852.57974913,1671
2026-07-12 08:00:00,1797.6,1807.87,1795.59,1803.34,1802.08,1125.58901871,1350
2026-07-12 12:00:00,1802.61,1824.99,1802.0,1819.69,1816.81,3343.41035199,2636
2026-07-12 16:00:00,1819.8,1822.87,1813.29,1820.43,1817.95,3154.16723176,2229
2026-07-12 20:00:00,1820.43,1822.59,1795.5,1805.53,1805.39,3254.11569732,2991
2026-07-13 00:00:00,1805.57,1845.0,1774.41,1779.22,1806.21,16811.42825184,12035
2026-07-13 04:00:00,1779.23,1789.62,1773.28,1786.08,1779.2,3101.88722087,2580
2026-07-13 08:00:00,1786.43,1791.82,1776.21,1779.12,1782.71,1739.96024384,1653
2026-07-13 12:00:00,1779.19,1784.67,1761.55,1775.7,1770.77,6455.92608099,4291
2026-07-13 16:00:00,1775.34,1779.2,1749.14,1773.06,1763.69,5048.62609147,4060
2026-07-13 20:00:00,1772.12,1775.32,1751.28,1774.65,1764.3,4204.00754576,2831
2026-07-14 00:00:00,1774.48,1792.18,1771.52,1781.56,1781.61,2324.50902159,2799
2026-07-14 04:00:00,1781.5,1790.67,1777.07,1778.67,1785.01,1217.75754192,1754
2026-07-14 08:00:00,1778.67,1802.92,1776.92,1796.03,1794.03,2787.39668181,2101
2026-07-14 12:00:00,1796.04,1886.28,1792.59,1873.13,1855.26,15405.26604125,10461
2026-07-14 16:00:00,1873.75,1880.02,1860.7,1875.71,1870.39,4652.94194397,4017
2026-07-14 20:00:00,1876.42,1895.43,1871.05,1890.06,1881.33,4137.79943027,3810
2026-07-15 00:00:00,1890.49,1891.85,1863.29,1875.36,1875.41,3852.95565049,2950
2026-07-15 04:00:00,1874.74,1890.29,1863.58,1868.75,1876.32,3520.54198214,2807
2026-07-15 08:00:00,1868.76,1884.68,1868.76,1883.51,1878.68,1002.0284622,1771
2026-07-15 12:00:00,1883.51,1944.54,1877.75,1930.0,1926.44,12829.38462664,8842
2026-07-15 16:00:00,1930.02,1935.0,1902.57,1922.72,1921.98,7317.74235207,5152
2026-07-15 20:00:00,1922.67,1928.92,1914.02,1916.61,1921.25,3164.62771302,3001
2026-07-16 00:00:00,1916.62,1927.34,1907.0,1916.94,1919.49,3172.52812017,3129
2026-07-16 04:00:00,1917.14,1927.52,1904.0,1908.94,1919.53,2736.48598995,2562
2026-07-16 08:00:00,1908.97,1910.96,1874.33,1884.03,1883.99,8768.72141749,4870
2026-07-16 12:00:00,1884.03,1892.49,1866.13,1880.64,1880.3,7419.21373432,4695
2026-07-16 16:00:00,1880.65,1881.62,1861.97,1874.37,1871.63,7031.57826694,4366
2026-07-16 20:00:00,1873.83,1879.87,1856.5,1863.33,1867.13,2929.81371126,3630
2026-07-17 00:00:00,1863.19,1868.87,1842.22,1850.96,1852.99,3191.58105619,3726
2026-07-17 04:00:00,1850.95,1850.99,1819.88,1826.5,1831.74,3677.38592891,3667
2026-07-17 08:00:00,1826.56,1841.78,1820.21,1837.65,1833.4,1215.19517157,1894
2026-07-17 12:00:00,1837.53,1838.48,1800.9,1829.35,1817.45,11854.00608817,6941
2026-07-17 16:00:00,1829.36,1854.12,1825.47,1842.2,1842.02,5977.4084287,4599
2026-07-17 20:00:00,1841.7,1845.0,1834.08,1840.56,1840.64,1662.87257167,2171
2026-07-18 00:00:00,1840.56,1845.53,1838.36,1844.43,1841.1,1379.77697025,1738
2026-07-18 04:00:00,1844.65,1847.65,1841.08,1842.75,1843.71,526.26249346,1241
2026-07-18 08:00:00,1842.82,1847.94,1841.27,1844.34,1844.0,336.81599671,1224
2026-07-18 12:00:00,1844.34,1849.19,1836.56,1842.61,1841.07,1991.09555313,2081
2026-07-18 16:00:00,1842.61,1865.28,1840.21,1857.14,1853.13,4507.85948217,3023
2026-07-18 20:00:00,1857.34,1864.4,1854.11,1861.54,1857.56,1461.02915374,2110
2026-07-19 00:00:00,1861.7,1875.82,1857.0,1865.79,1864.08,2541.37703487,2600
2026-07-19 04:00:00,1865.79,1870.33,1863.22,1868.13,1867.68,1249.17871439,1247
2026-07-19 08:00:00,1868.85,1878.09,1862.88,1869.97,1872.2,1218.3649264,1589
2026-07-19 12:00:00,1869.98,1877.21,1863.83,1869.46,1869.39,1739.89375481,2277
2026-07-19 16:00:00,1869.46,1872.22,1842.61,1860.92,1858.64,4527.00007463,3211
2026-07-19 20:00:00,1860.87,1875.27,1856.18,1871.33,1867.55,3347.11784479,2807
2026-07-20 00:00:00,1871.33,1890.0,1861.45,1877.88,1877.37,3332.85302831,3870
2026-07-20 04:00:00,1877.9,1878.25,1842.3,1861.51,1857.44,5178.04053438,3290
2026-07-20 08:00:00,1862.13,1893.97,1852.94,1891.19,1878.91,3982.03483075,3756
2026-07-20 12:00:00,1891.19,1903.04,1851.86,1901.13,1876.73,6521.70462273,5590
2026-07-20 16:00:00,1900.74,1916.83,1888.61,1896.69,1899.61,5275.34764987,5920
2026-07-20 20:00:00,1897.7,1906.0,1893.31,1903.56,1900.19,1685.25173636,2370
2026-07-21 00:00:00,1903.36,1926.51,1899.64,1925.83,1914.18,2298.40763082,3417
2026-07-21 04:00:00,1925.58,1938.06,1920.51,1933.2,1930.7,2396.04283935,4062
2026-07-21 08:00:00,1933.21,1950.79,1925.79,1934.35,1937.63,3884.89554312,4086
2026-07-21 12:00:00,1934.36,1944.06,1923.08,1930.67,1934.43,3475.8867717,4607
2026-07-21 16:00:00,1930.67,1934.19,1914.15,1922.46,1922.02,4732.70091554,4513
2026-07-21 20:00:00,1922.46,1930.07,1915.95,1928.41,1922.88,2730.20992996,2865
2026-07-22 00:00:00,1928.87,1943.89,1925.61,1927.46,1933.62,3276.39784872,4119
2026-07-22 04:00:00,1927.25,1937.96,1909.29,1912.97,1920.29,2761.20918023,3085
2026-07-22 08:00:00,1912.97,1931.79,1912.96,1925.61,1926.09,1461.32082434,2228
2026-07-22 12:00:00,1925.61,1954.15,1912.46,1941.43,1933.11,6608.33253292,4986
2026-07-22 16:00:00,1941.6,1955.41,1919.95,1924.05,1933.75,7443.52134841,5244
2026-07-22 20:00:00,1924.14,1938.72,1921.85,1933.37,1929.38,1767.19371442,2984
2026-07-23 00:00:00,1933.37,1940.27,1916.99,1919.61,1927.18,1177.18826011,2615
2026-07-23 04:00:00,1919.61,1927.8,1910.07,1914.31,1916.59,2500.63368317,2171
2026-07-23 08:00:00,1914.32,1930.23,1913.1,1925.08,1925.31,1116.70803732,2204
2026-07-23 12:00:00,1925.09,1926.9,1882.0,1894.36,1897.91,6279.14572886,6049
2026-07-23 16:00:00,1894.36,1894.36,1867.5,1875.42,1877.39,5240.98822143,5651
2026-07-23 20:00:00,1874.34,1887.14,1873.13,1877.03,1880.95,2147.65410758,3074
2026-07-24 00:00:00,1877.05,1880.07,1857.72,1879.15,1867.86,4275.83856609,3018
2026-07-24 04:00:00,1879.15,1907.69,1872.11,1894.47,1888.02,2714.63786845,2886
2026-07-24 08:00:00,1894.71,1894.74,1875.15,1882.5,1882.75,709.31480714,1722
2026-07-24 12:00:00,1882.51,1884.13,1845.48,1860.42,1860.15,5905.8134525,5236
2026-07-24 16:00:00,1860.1,1864.7,1851.76,1861.45,1859.27,1744.75595398,2779
2026-07-24 20:00:00,1861.45,1863.61,1855.49,1860.28,1858.86,758.04487413,1966
2026-07-25 00:00:00,1859.61,1862.51,1854.51,1857.34,1859.56,927.15247771,1834
2026-07-25 04:00:00,1856.99,1861.07,1853.0,1854.48,1856.56,595.09602788,1152
2026-07-25 08:00:00,1854.16,1858.0,1849.83,1855.95,1853.89,366.31676214,1048
2026-07-25 12:00:00,1855.95,1869.53,1855.08,1866.11,1864.42,890.52531553,1984
2026-07-25 16:00:00,1866.16,1874.8,1862.97,1872.99,1870.29,1209.52904818,1974
2026-07-25 20:00:00,1873.12,1878.16,1866.31,1873.37,1873.58,4412.34043267,2393
2026-07-26 00:00:00,1873.4,1882.0,1872.46,1880.28,1877.95,1531.55104725,1677
2026-07-26 04:00:00,1880.7,1887.35,1876.8,1879.53,1881.67,832.07792268,1193
2026-07-26 08:00:00,1879.96,1886.1,1877.56,1883.97,1882.33,339.20874264,1120
2026-07-26 12:00:00,1884.18,1914.79,1880.65,1913.35,1897.06,2561.59102833,3315
2026-07-26 16:00:00,1913.16,1927.25,1906.86,1912.43,1916.93,3385.67804821,3321
2026-07-26 20:00:00,1912.59,1964.99,1909.86,1953.47,1944.64,6142.1448865,5629
2026-07-27 00:00:00,1953.5,1953.5,1934.33,1947.86,1943.21,4107.10713257,3553
2026-07-27 04:00:00,1947.69,1978.99,1946.77,1962.63,1962.15,4684.68700415,4237
2026-07-27 08:00:00,1962.81,1969.69,1955.41,1957.87,1962.15,2047.32602016,2531
2026-07-27 12:00:00,1957.85,1974.99,1916.45,1925.69,1943.49,7749.80608528,6860
2026-07-27 16:00:00,1925.62,1953.13,1921.14,1946.38,1936.17,4450.66344783,4303
2026-07-27 20:00:00,1946.4,1948.71,1881.5,1891.1,1909.87,9164.1746196,5424
2026-07-28 00:00:00,1890.79,1892.83,1863.44,1879.37,1874.72,4840.1488613,4323
2026-07-28 04:00:00,1879.4,1887.2,1874.8,1881.68,1882.54,2446.49501457,2190
2026-07-28 08:00:00,1881.69,1883.37,1870.17,1875.22,1877.14,1296.77507817,1833
2026-07-28 12:00:00,1874.84,1922.03,1855.0,1917.91,1882.42,8051.05454612,6692
2026-07-28 16:00:00,1917.9,1926.48,1891.19,1919.33,1906.87,3850.63278248,4425
2026-07-28 20:00:00,1919.33,1927.74,1902.07,1919.88,1915.86,2245.75675656,2903
2026-07-29 00:00:00,1919.78,1926.11,1888.62,1889.59,1909.76,975.03148335,2495
2026-07-29 04:00:00,1890.26,1923.05,1881.97,1921.1,1910.16,1527.15603638,2050
2026-07-29 08:00:00,1922.44,1922.46,1907.54,1913.01,1914.81,1359.32206452,2276
2026-07-29 12:00:00,1912.8,1912.8,1885.0,1889.02,1899.01,2928.18019187,3702
2026-07-29 16:00:00,1889.36,1932.98,1881.95,1886.47,1905.35,7620.53852409,7451
2026-07-29 20:00:00,1887.02,1910.26,1872.17,1908.21,1889.9,3703.09813418,4286
2026-07-30 00:00:00,1908.48,1917.75,1891.64,1907.54,1908.08,1744.54139279,2464
2026-07-30 04:00:00,1907.68,1908.12,1897.33,1900.55,1901.34,1210.43958082,1887
2026-07-30 08:00:00,1900.97,1923.25,1897.93,1920.51,1912.48,1595.289655,1883
2026-07-30 12:00:00,1920.66,1934.88,1911.93,1916.72,1922.84,2359.43150603,3882
2026-07-30 16:00:00,1916.73,1927.17,1913.08,1922.16,1919.89,1451.02035351,2584
2026-07-30 20:00:00,1921.88,1934.68,1915.4,1916.66,1924.19,1959.74118015,2683
2026-07-31 00:00:00,1916.66,1933.76,1897.6,1906.95,1910.33,2214.57889251,3136
2026-07-31 04:00:00,1906.94,1909.13,1883.01,1888.75,1896.42,1407.42679735,2123
2026-07-31 08:00:00,1888.76,1891.22,1875.63,1882.03,1883.78,1123.3689342,1854
2026-07-31 12:00:00,1882.25,1888.6,1846.93,1860.5,1863.04,9032.95751858,6899
2026-07-31 16:00:00,1860.49,1875.57,1859.38,1865.99,1865.84,2426.60096231,3558
2026-07-31 20:00:00,1866.09,1868.2,1857.61,1860.49,1861.22,1232.26484469,2204
2026-08-01 00:00:00,1860.8,1868.01,1860.5,1867.97,1865.29,899.65861596,1673
2026-08-01 04:00:00,1867.97,1870.28,1863.56,1867.9,1867.83,615.09465029,1275
2026-08-01 08:00:00,1867.91,1868.94,1861.28,1864.82,1865.01,818.41323208,1258
2026-08-01 12:00:00,1865.03,1873.56,1865.03,1869.08,1868.63,576.06584414,1657
2026-08-01 16:00:00,1868.27,1871.71,1821.0,1835.56,1844.82,5949.13075009,4853
2026-08-01 20:00:00,1835.36,1847.67,1831.65,1843.51,1842.59,2333.54615019,2223
2026-08-02 00:00:00,1843.5,1882.13,1841.87,1875.54,1858.88,3386.22913574,3155
2026-08-02 04:00:00,1875.65,1880.58,1873.06,1873.97,1875.76,1286.80527475,1430
2026-08-02 08:00:00,1874.28,1876.88,1847.94,1849.83,1858.39,1553.59339956,1670
2026-08-02 12:00:00,1850.61,1860.27,1850.39,1856.88,1854.7,1125.68346653,1974
2026-08-02 16:00:00,1856.96,1884.86,1854.3,1880.31,1873.63,2498.68174401,2581
2026-08-02 20:00:00,1880.1,1896.06,1874.73,1882.88,1884.12,4547.42604405,3533
2026-08-03 00:00:00,1883.16,1883.63,1850.0,1856.45,1863.85,4007.28420884,2919
2026-08-03 04:00:00,1855.0,1860.5,1838.1,1841.17,1853.33,3133.87660411,2465
2026-08-03 08:00:00,1841.45,1851.62,1827.01,1836.75,1840.03,2254.25692999,2369
2026-08-03 12:00:00,1837.39,1871.82,1834.65,1861.1,1859.02,5061.91848543,5167
2026-08-03 16:00:00,1861.19,1874.48,1859.99,1869.29,1867.57,2584.71451723,3057
2026-08-03 20:00:00,1868.03,1874.1,1851.12,1858.77,1862.67,3151.56146677,2572
2026-08-04 00:00:00,1858.77,1869.95,1847.16,1862.32,1856.84,1446.95733213,2510
2026-08-04 04:00:00,1862.36,1872.97,1851.72,1862.51,1866.4,2750.56085323,2585
2026-08-04 08:00:00,1861.82,1872.2,1851.68,1870.96,1858.16,4018.0361152,2494
2026-08-04 12:00:00,1870.96,1879.84,1856.73,1871.47,1869.6,6061.87005132,3721
2026-08-04 16:00:00,1871.31,1879.7,1864.45,1873.84,1873.97,5470.95858415,3674
2026-08-04 20:00:00,1874.08,1879.3,1865.1,1868.45,1872.66,3518.20258484,2502
2026-08-05 00:00:00,1868.3,1876.08,1859.91,1866.05,1869.28,1572.48249662,2136
2026-08-05 04:00:00,1866.12,1875.0,1861.97,1870.59,1868.95,1512.134007,1828
2026-08-05 08:00:00,1870.59,1874.02,1865.2,1867.15,1869.98,1977.48310637,1633
2026-08-05 12:00:00,1866.98,1883.82,1852.67,1872.15,1865.56,5584.9813216,4706
2026-08-05 16:00:00,1872.15,1925.48,1872.14,1915.32,1907.32,8414.26630229,7070
2026-08-05 20:00:00,1915.32,1922.61,1902.24,1907.01,1910.64,2995.93693596,3895
2026-08-06 00:00:00,1907.18,1911.6,1893.06,1897.02,1902.06,1141.35744494,2627
2026-08-06 04:00:00,1897.04,1917.53,1894.0,1907.52,1909.73,1756.78927337,2296
2026-08-06 08:00:00,1907.28,1918.0,1895.3,1905.59,1902.91,1708.50825799,2214
2026-08-06 12:00:00,1905.59,1917.58,1890.72,1909.28,1903.88,6400.27183312,4345
2026-08-06 16:00:00,1909.28,1916.42,1902.07,1908.12,1909.03,1804.86016504,3233
2026-08-06 20:00:00,1908.12,1909.0,1897.16,1902.26,1904.2,912.32693244,2336
2026-08-07 00:00:00,1902.02,1906.13,1895.01,1895.41,1900.08,1028.85393366,2179
2026-08-07 04:00:00,1895.61,1905.72,1891.39,1901.27,1896.22,1553.61871936,1645
2026-08-07 08:00:00,1901.01,1919.3,1901.0,1914.74,1910.18,1333.68589263,2060
2026-08-07 12:00:00,1914.71,1940.0,1909.81,1916.06,1926.45,3210.83775624,4944
2026-08-07 16:00:00,1916.06,1923.28,1904.29,1917.92,1912.54,2340.61137017,3619
2026-08-07 20:00:00,1917.91,1920.68,1911.35,1913.0,1915.69,1314.7137243,2270
2026-08-08 00:00:00,1913.01,1917.96,1911.29,1917.33,1913.61,349.29051752,1414
2026-08-08 04:00:00,1917.33,1918.1,1913.3,1914.16,1915.56,412.80750188,1310
2026-08-08 08:00:00,1914.17,1922.2,1913.6,1919.65,1917.77,1136.5632493,1596
2026-08-08 12:00:00,1919.65,1924.85,1917.32,1921.33,1920.71,1444.30290492,1868
2026-08-08 16:00:00,1921.35,1924.66,1918.46,1918.98,1920.74,616.49440674,1804
2026-08-08 20:00:00,1918.94,1920.41,1913.31,1915.15,1918.64,1654.89406074,2273
2026-08-09 00:00:00,1915.11,1918.05,1911.27,1912.42,1914.76,681.30601097,1891
2026-08-09 04:00:00,1912.42,1917.86,1911.22,1917.43,1914.24,271.48110846,1112
2026-08-09 08:00:00,1917.44,1922.85,1912.1,1917.71,1915.99,1153.20730295,1292
2026-08-09 12:00:00,1917.71,1917.71,1914.57,1916.14,1915.36,815.61868221,378
